Text,Language
هذا أمر لا يحتاج إلى تفكير يعني أنه قرار سهل حقًا بالنسبة لك إذا كنت قد فعلت شيئًا خاطئًا وتعترف أنه يمكنك القول إنني أفسدت نعم يا رفاق.,Arabic
يُعرف هذا باسم وجهة نظر محايدة (NPOV).,Arabic
"نيتشر (بالإنجليزية: Nature)‏ قد تعني:    تعديل - تعديل مصدري - تعديل ويكي بيانات ويكيبيديا (تلفظ ‎[wi:ki:bi:dija:]‏ وتلحن ‎[wikipi:dia]‏؛ تلفظ بالإنجليزية ‎/ˌwɪkiˈpi:di.ə/‏)[7] والكلمة مشتقة من مقطعين: ويكي wiki وتعني بلغة هاواي ""بالغ السرعة""، والثاني بيديا pedia ومشتق من كلمة موسوعة encyclopedia، ويكيبيديا هي موسوعة متعددة اللغات، مبنية على الويب، ذات محتوى حر، تشغلها مؤسسة ويكيميديا، التي هي منظمة غير ربحية.",Arabic
هذه تشكل قناة الاتصال الأساسية للمحررين للمناقشة والتنسيق والمناقشة.,Arabic
[25][26][27] في نوفمبر 2009، وجد باحث في جامعة راي خوان كارلوس في مدريد أن ويكيبيديا الإنجليزية فقدت 49000 محرر خلال الأشهر الثلاثة الأولى من عام 2009؛ بالمقارنة، فقد المشروع 4900 محرر فقط خلال نفس الفترة من عام 2008.,Arabic
هل أستطيع أن أحضر لك كوب ماء؟ ماذا عن بعض الآيس كريم؟ هل تريد مني أن أوصلك للمنزل؟ نعم من فضلك.,Arabic
أنا آسف.,Arabic
نعم بالطبع.,Arabic
تتصدر نسخها الأكثر شيوعًا الشريحة: انخفضت مشاهدات صفحات ويكيبيديا الإنجليزية بنسبة اثني عشر بالمائة، وتراجعت تلك الخاصة بالنسخة الألمانية بنسبة 17 بالمائة وخسرت النسخة اليابانية تسعة بالمائة.,Arabic
ثم انطلق وشرح من أين حصلت ، هل فهمتك بشكل صحيح ؟.,Arabic
سأقدم لك أيضًا تلميحًا ذكيًا لجعل رقم الكلمات الذكية بطلاقة حقًا.,Arabic
"تتضمن المعلومات التي تقدمها ويكيبيديا حول العلوم، والانتقادات والجدال حول تأثير وجودة المعلومات وثقافة محرري ويكيبيديا، العلماء، وغير المتخصصين في إدخال المعلومات إلى ويكيبيديا في عام 2016 في مؤسسة ويكيبيديا التعليمية  ومؤسسة سيمونس تم تقديم برنامج يسمى ""عام العلوم"" في هذا البرنامج، حيث قام معلموا الويكيبيديا بزيارة المعارض العلمية ودعوا العلماء للمساهمة بمعلومات في مجالهم وتخصصهم في ويكيبيديا.",Arabic
بطريقة فظيعة أحيانًا في السجون الفظيعة تستخدم أيضًا في الحياة اليومية للحديث عن بعض الأعمال الخاطئة الشائعة وتريد المبالغة فيها.,Arabic
الصور والوسائط المتعددة الأخرى يتم تشاركها من خلال مشروع ويكيميديا كومنز.,Arabic
هذا سؤال جيد.,Arabic
لقد فقدت هاتفي وأنا في إصلاح أو تعطلت حافلتنا هذا الصباح وأنا في إصلاح يلجأ صديقي دائمًا إلي للحصول على المساعدة عندما يكون في إصلاح وعندما يكون الذهاب جيدًا ينسى ذلك.,Arabic
كنت أفضل لو لم تفعل.,Arabic
شيء آخر ولكني أريد خبزًا عاديًا يمكنني تناوله ، أليس كذلك لديك هذا المظهر ، لذا فالزوجة المستقبلية لصدفة مولاي تكون باردة ، يجب عليك فقط تناول أفضل أنواع النرجس التي تنظر إليها جميع الأطعمة.,Arabic
لدولة ناطقة باللغة الإنجليزية ، يمكنك استخدام هذا تمامًا.,Arabic
هنا جرب بعض البطاطس الذهبية فهي جيدة حقًا وبعد أن تتزوجني.,Arabic
ساعدني في خبز الخبز ، هاه بأي حال من الأحوال أمي الخادمات الطحين كل عيني المشرقة والمتألقة.,Arabic
من السهل بشكل عام إزالة التخريب الواضح من مقالات ويكيبيديا؛ متوسط الوقت اللازم لكشف التخريب وإصلاحه هو بضع دقائق.,Arabic
أوه ، هذا جنوني تقريبًا.,Arabic
لا يهم إذا كنت ترغب في أن يحالف الحظ شخص ما.,Arabic
هناك طريقة أخرى لإخبار الشخص بأنه لا ينزعج ، وهي أن تقول أن الأشياء تحدث كما لو كانت على ما يرام.,Arabic
نظرًا لأن جمالها كان معروفًا على نطاق واسع لكنها رفضتهم جميعًا بوقاحة شديدة ، فلماذا طردت هؤلاء الرجال بعيدًا أمس بدوا لطيفين ، لا يمكنك أن تكون جادًا أمي واحد منهم.,Arabic
أن تخبرني أيًا من هذه الكلمات العشر كانت كلمتك الذكية المفضلة رقم ستة في الإصلاح في الإصلاح يعني أن تكون في موقف مزعج ، على سبيل المثال يا فتى أنا في حالة إصلاح لأنني وضعت خططًا مع صديقين مختلفين لهذا مساء.,Arabic
[1] الآن تصدر ب301 لغة منها 291 لغة نشطة.,Arabic
[71] يمكن للمحررين تطبيق هذه القواعد عن طريق حذف أو تعديل المواد غير المتوافقة.,Arabic
كيف كان حالك؟ عظيم شكرا.,Arabic
مليون شكرا.,Arabic
إذا كان شخص ما لا يعمل بشكل جيد حقًا ، وتريد منه أن يعمل بجدية أكبر ، يمكنك أن تقول إنه يجب عليك أن تمضي مسافة إضافية مما يعني أنه مثل العمل بجدية أكبر ، يجب أن تقطع ميلًا إضافيًا.,Arabic
"جادل الطالب أندريا سيفوليلي بأن تكاليف المعاملات المنخفضة للمشاركة في ويكي تخلق حافزًا للتطوير التعاوني، وأن ميزات مثل السماح بسهولة الوصول إلى الإصدارات السابقة من الصفحة تفضل ""البناء الإبداعي"" على ""التدمير الإبداعي"".",Arabic
إذا طلبت من شخص ما ألا ينزعج ولا يبكي ، يمكنك القول لا تأخذ الأمر على محمل الجد.,Arabic
[22] تمت إضافة حوالي 1800 مقال يوميًا إلى الموسوعة في عام 2006 ؛ بحلول عام 2013 كان هذا المتوسط حوالي 800.,Arabic
دعني أفكر للحظة.,Arabic
في مثال الطاقة ، وجبة غداء ثقيلة تجعلني في فترة ما بعد الظهيرة بطيئًا لها جذور من الكلمة التي تعني شخصًا بطيئًا ، والسلج هو حيوان يتحرك ببطء شديد مثل أمثلة الحلزون.,Arabic
علي أن أذهب.,Arabic
لذا فهذه طريقة رائعة للتدرب على أين كنا مرة أخرى إذا كنت في منتصف محادثة؟ ولم تفهم ما كان يقوله الشخص الآخر ، يمكنك أن تقوله بعلامة استفهام.,Arabic
لا ، شكرًا على أي حال ، وعبارة أخرى أستخدمها في رسالتي الإلكترونية أحيانًا عندما لا أطلب شخصًا.,Arabic
إذا كنت في وسط شيء ما في شخص ما ' أسألك شيئًا يمكنك قوله ، أنت في منتصف شيء ما وشخص ما يطلب منك شخص ما أن تفعل شيئًا تقوله ، أنا آسف.,Arabic
مجموعة أخرى من المتطوعين هم الإداريون، البيروقراطيون، المضيفون، مدققو المستخدم، سفراء بين اللغات الأخرى لويكيبيديا... الإداريون هم مجموعة من المستخدمين الذين لهم ميزات خاصة.,Arabic
تحدث الأشياء فلا تنزعج إذا لم يكن لديك اسم شخص تريد التحدث معه.,Arabic
[13] تم تأسيسها في 9 مارس 2000، بملكية بوميس، وهي شركة بوابة إلكترونية.,Arabic
انتقل إلى google واكتب الكلمة وفي الجزء العلوي الأيمن سترى رمز مكبر صوت صغيرًا ، انقر فوق هذا مكبر الصوت.,Arabic
تيري تبدو في الواقع مثل هذا الملاك قليلاً على الرغم من أن ما أراه كيف يمكن أن تكونا له أنتما لطيفان للغاية,Arabic
لا يهم مثل لا تقلق إذا أسقطت قهوتك فوقي.,Arabic
كان لديه عيون صغيرة مثل عصفور والآخر لديه أنف ضخم لا أريد أن أكون بالقرب منه عندما عطس أوه أوه والمحطة الأخيرة لا ، لا أريد أن أسمع أكثر من ذلك ، كل ما استطعت رؤيته هو أن هؤلاء الرجال كانوا لطفاء حقًا يا عزيزي ، يجب أن تعرف هذا الجمال.,Arabic
يمكنك القيام بذلك ، يمكنك تمرير التوفل ، يمكنك تمرير gmat التي ستحصل عليها.,Arabic
أكبرها، ويكيبيديا الإنجليزية، لديها أكثر من 6.2 مليون مقال.,Arabic
كيف' أخبرتهم النرجسية الآن ماريان بكل ما حدث وتغيرت كثيرًا منذ ذلك الوقت.,Arabic
"الآن غالبًا ما نستخدم كلمة رائع هنا "" كلمة أخرى يمكنك استخدامها بدلاً من كلمة رائعة ، على سبيل المثال ، حصلت اليوم على درجة هائلة في اختباري مما يعني أنني حصلت على درجة عالية جدًا أو.",Arabic
"تتلقى خوادم ويكيبيديا من 20,000 إلى 45,000 طلب صفحة في الثانية، وهذا حسب الوقت في اليوم الواحد.",Arabic
"som hvornår stoppede vi, hvor var vi, og du bliver nødt til at gentage det, for hvad er det lyden, som nogle fejler med.",Danish
"Jeg er bange for, at jeg er uenig.",Danish
"jeg er narret med opgaver smart ord nummer to er catch-22 nu er jeg sikker på at du ' har hørt dette ord før fangst-22 betyder en umulig situation, hvor du ikke kan gøre den ene ting, medmindre du har gjort den anden, og du ikke kan gøre den anden, fordi du ikke har gjort den første har.",Danish
det ville være rart.,Danish
"[9] Sanger fandt på navnet,[10]
[11] som en portmanteau af wiki (det hawaiianske ord for ""hurtig""[12]) og ""encyclopedia"".",Danish
"blev klar til seng mor, jeg håber virkelig min drøm går i opfyldelse, du ved åh narcisa den næste dag, da narcisa og hendes mor var udenfor i deres have en smuk.",Danish
"jeg er så glad for, at det var fyre 50 sætninger på engelsk, lad mig vide, om dette var nyttigt ved at lide denne video og kommentere nedenfor, hvis du kender flere seje sætninger.",Danish
hvad så?,Danish
Pr.,Danish
"Hvis du beder nogen om ikke at blive ked af ikke at græde, kan du sige, tag det ikke til hjertet.",Danish
"jeg vil fortsætte, jeg er ikke træt af det, når nogen spørger, om du er sikker, og du er ret sikker på, at du kan sige, at der ikke er plads til det?",Danish
når du hører en sætning øve sig efter mig.,Danish
"[25] Den danske Wikipedia er ikke repræsenteret på FDIMs statistik (viser kun sites under .dk), men hvad sidevisninger angår, lå dansk Wikipedia i oktober 2013 mellem 12. og 13.-pladsen, mellem politiken.dk og jp.dk
[26]  Wikipedia har ikke nogen side med navnet ""Machine learning"".",Danish
hvad med at have pizza til middag i aften?,Danish
Hvordan har du det?,Danish
"åh mor, jeg elsker dig så meget, og du havde ret udseende og rigdom er ikke alt, hvad guldbrødet var ubrugeligt, da jeg ikke kunne spise det og manden, selvom.",Danish
"Jeg kunne ikke bryde mig mindre, hvis nogen spørger dig om noget, og dette er en rigtig nem beslutning for dig, som om nogen fortæller, at du skal tage mine 1 million dollars, og du siger, det er en no-brainer.",Danish
"[2][3] Det er et af de få tilbageværende akademiske tidsskrifter, der udgiver original forskning spredt over en bred række videnskabelige emner.",Danish
det gyldne brød engang i en lille landsby boede en kvinde ved navn marion.,Danish
godt du kan bare svare kan ikke klage alt er virkelig sejt.,Danish
Vær venlig at acceptere min undskyldning.,Danish
"hun syntes sig for stor til at udføre noget arbejde, mange friere kom for at bede om narcissus i ægteskab.",Danish
"Jeg er ikke sikker på, at jeg er enig.",Danish
nummer tre er suave suave suave betyder at være sofistikeret for at være høflig klar og cool.,Danish
Hvordan går det?,Danish
kan jeg stoppe dig der et øjeblik?,Danish
Nej slet ikke.,Danish
Mobile enheder kan tilgå de mobile udgaver af Wikipedia.,Danish
"i dag kunne jeg gøre med en energidrik, andre ord, som du kan bruge i stedet for træg, kan være sløv eller trække mine fødder, så det var de 10 smarte ord og før.",Danish
"en anden måde at fortælle personen om ikke at være ked af er, at du kan sige, at ting sker som om det er okay.",Danish
desværre er jeg nødt til at sige nej.,Danish
når som helst.,Danish
"Jeg har det godt, men tak for at tilbyde.",Danish
"og fortsæt derefter med at forklare, hvor du har, fik jeg dig ret ?.",Danish
"da hendes skønhed var kendt vidt og bredt, men hun afviste dem alle meget uhøfligt, hvorfor sendte du disse mænd væk i går, de syntes gode, du kan ikke være seriøs mor, en af ​​dem.",Danish
"hvordan' s narcissisme fortalte marian dem begge alt, hvad der var sket, og hun har ændret sig så meget fra den tid.",Danish
"Jeg forvirrede dig, så lad mig give dig nogle eksempler, en situation, hvor catch-22 er, når du ikke får et job uden at have erhvervserfaring.",Danish
"nede i beskrivelsesboksen for det, og nu er det hemmelige tip det hemmelige tip til at lyde flydende er at bruge ikke mere end et smart ord eller en sætning, som jeg nogle gange kender.",Danish
"hvis du vil takke nogen, kan du sige, at det er meget venligt af dig tak så meget for at gøre, at det er meget venligt af dig, det er meget venligt af dig, hvis nogen.",Danish
meninger.,Danish
"Jeg lyttede ikke til en anden sætning, som jeg bruger hele tiden.",Danish
gør det noget tak på forhånd.,Danish
"Jeg fik en næsten perfekt score ordet forbløffende har klassiske latinske rødder fra ordet, som betyder.",Danish
jeg er nødt til at komme i gang.,Danish
hvad mener du om det?,Danish
lad mig tænke et øjeblik.,Danish
"åh kære en nat, da hun sov, sad mor ved hendes side og så på hende.",Danish
"og sagde, at han ville gifte sig med mig, han var kommet i en gylden vogn, og han var klædt ovenfra og ned og guld også, hvad en fjollet drøm.",Danish
Alle der er koblet til Internettet kan læse og skrive i Wikipedias artikler.,Danish
"Færre end 8 % af de artikler, som sendes til tidsskriftet, ender med at blive accepteret og udgivet.",Danish
"hvad har du været op med at rejse dem før, hvis alt går?",Danish
"har du noget imod det, hvis jeg springer herinde?",Danish
"hvad siger du, vi går i biografen?",Danish
vraag ik en dan zeg ik uiteindelijk.,Dutch
Ik was bang dat dit super boos is.,Dutch
"In 2003 droeg Wales zijn rechten op de naam Wikipedia, de website zelf en de servers waarop deze draaide over aan de Wikimedia Foundation, een stichting die hij oprichtte om het behoud en de verdere ontwikkeling van Wikipedia langdurig mogelijk te maken.",Dutch
nummer drie is suave suave suave middelen om verfijnd te zijn om beleefd evenwichtig cool en.,Dutch
je bent zoveel beter dan het probleem waar je om huilt ' Het is je tranen niet waard.,Dutch
Veel vrijers kwamen om narcissen te vragen.,Dutch
Ik heb liever dat je het niet doet.,Dutch
kan ik je een glas water geven?,Dutch
Zo bevatte de Wikipedia in het Zazaki begin 2010 ongeveer 2800 artikelen.,Dutch
"Ongeveer de helft valt in de leeftijd tussen 18 en 30 jaar oud, terwijl de groep jonger dan 18 zo'n 25% bedraagt.",Dutch
"ik kan zeggen wees voorzichtig, wat betekent: zorg voor jezelf.",Dutch
"als je midden in iets in iemand zit ' Je vraagt ​​je iets wat je kunt zeggen, oh.",Dutch
"Terry je lijkt eigenlijk een beetje op die engel, maar wat zie ik, hoe kun je hem zijn jullie twee zijn zo aardig",Dutch
[28] Wikipedia zou censuur willen vermijden.,Dutch
Obama is zo zacht en gepolijst nu onthoud wanneer je de volgende keer op een feest bent en je deze persoon ziet die zo is.,Dutch
het gebruikelijke.,Dutch
plannen maken.,Dutch
Op dat moment werd daar 5 terabyte van gebruikt.,Dutch
als je nog niet op de abonneerknop en het belpictogram ernaast hebt gedrukt en blij bent met kijken.,Dutch
Ik dacht dat je van mooie dingen hield.,Dutch
Daar verwijst het eerder genoemde woord wiki ook naar.,Dutch
"In Nederland leverde bijvoorbeeld het Tropenmuseum meer dan 8.000 afbeeldingen over de Marrons, Suriname en Indonesië,[9][10] het Nationaal Archief in Den Haag en Spaarnestad Photo te Haarlem doneren ruim 1100 foto's van Nederlandse politici en belangrijke gebeurtenissen in Nederland[11] en het Amsterdam Museum doneerde in 2011 zijn digitale collectie van 55.000 foto's.",Dutch
"zoals wanneer zijn we gestopt waar we waren en je moet het herhalen, want met wat is het geluid waarmee sommige mensen zich vergissen.",Dutch
voor mij eronder om me te vertellen welke van deze 10 woorden je favoriet is en ook.,Dutch
had zulke kleine ogen bijna als die van een vogel en de ander had een enorme neus dat ik niet bij hem in de buurt zou willen zijn.,Dutch
laat me uitpraten.,Dutch
"Het project Wikipedia begon met een conversatie tussen twee internetvrienden, Larry Sanger, hoofdredacteur van Nupedia en Ben Kovitz, een computerprogrammeur en bèta-wetenschapper, op de avond van 3 januari 2001 in San Diego (Californië).",Dutch
"kun je me dekken, het is tijd om te vertrekken en jongens, ik kan maar beter gaan, wat betekent dat ik al moet gaan.",Dutch
"gisteravond nou mam, het was zo'n geweldige droom, weet je, er was een prins die naar me toe kwam.",Dutch
ik ben zo bij je ik ben bij je in en dan ga je verder met iets doen en je zegt waar we waren.,Dutch
[17][18] Volgens de organisatie van de prijs droeg Wikipedia door haar open karakter bij aan het besef dat bronnen van kennis niet neutraal zijn en steeds gewogen moeten worden.,Dutch
"pop en het meest grappige is dat ze oneindig veel van zichzelf hield, narcisa zou je.",Dutch
ik word overspoeld met opdrachten slim woord nummer twee is catch-22 nu weet ik zeker dat je ' Ik heb dit woord al gehoord voordat catch-22 een onmogelijke situatie betekent waarin je het ene niet kunt doen tenzij je het andere hebt gedaan en je het andere niet kunt doen omdat je de eerste niet hebt gedaan.,Dutch
"Het is ook gerelateerd aan datamining, waarin op een geautomatiseerde manier patronen en relaties worden gezocht in grote hoeveelheden gegevens.",Dutch
Het groeide uit van een eenvoudige publicatie voor amateur-wetenschappers tot een van de meest gerenommeerde wetenschappelijke tijdschriften.,Dutch
om me te vertellen welk van deze tien woorden je favoriete slimme woord was nummer zes zit in een fix in een fix betekent dat je in een lastige situatie verkeert bijvoorbeeld jongen ik zit in een moeilijke situatie omdat ik hier met twee verschillende vrienden plannen voor heb gemaakt avond.,Dutch
nu later zwaaiden Mellie en Terry hun oude vriend gedag en gingen die avond zowel moeder als dochter lachend naar elkaar weg.,Dutch
en hoor de uitspraak een of twee keer.,Dutch
Dit heeft als neveneffect dat ook eventuele foutieve informatie zich vanaf Wikipedia snel over het internet kan verspreiden.,Dutch
"als dat echt is wat je wilt, dan neem ik je mee naar huis.",Dutch
"[35] Een vergelijking in september 2004 van de Duitstalige Wikipedia en twee andere Duitstalige encyclopedieën, Brockhaus en Encarta, door het computertijdschrift c't, viel in het voordeel van Wikipedia uit.",Dutch
jij rock je rock?,Dutch
"een andere manier om precies hetzelfde te zeggen wat je kunt zeggen: verhoog je spel, zoals harder werken, beter werken, verhoog je spel.",Dutch
"Vier maanden daarvoor hadden Sanger en zijn baas Jimmy Wales, president-directeur van Bomis, Inc., al eens verschillende mogelijkheden besproken om naast Nupedia een opener, aanvullend project te beginnen.",Dutch
"kan je wat langzamer praten, alstublieft?",Dutch
Het verscheen voor het eerst op 4 november 1869[1] en werd opgericht door de amateur-astronoom Norman Lockyer.,Dutch
Vind je het erg als ik hier spring?,Dutch
dus vergeet niet om de volgende keer dat je op het nieuws over een gruwelijke daad hoort.,Dutch
Ook Vannevar Bush dacht dat de toekomst van volledige documentatie lag in een systeem met microfilm: Memex.,Dutch
"ik ben terrence de engel van het geluk de naam en de schoonheid van je dochter is over de hele wereld bekend hier ik heb je een geschenk meegebracht, maar je kent hem nauwelijks, je kunt niet met hem meegaan.",Dutch
"[36] Universitaire deskundigen bogen zich over natuurwetenschappelijke teksten, zonder te weten uit welke encyclopedie ze kwamen.",Dutch
"narcisa wil je me helpen deze zaden te planten wat waarom zou ik dat doen wat heb ik al dat vuil op mijn mooie vingers erger wat als het goed op mijn gezicht ging, dat was het probleem met narcisa.",Dutch
"dat is verlicht, wat betekent dat dat verbazingwekkend is, zeiden veel Amerikanen in Californië.",Dutch
"[31] The difference between optimization and machine learning arises from the goal of generalization: while optimization algorithms can minimize the loss on a training set, machine learning is concerned with minimizing the loss on unseen samples.",English
hey guys welcome to my channel in this video.,English
another way to ask if you didn't catch a part of a phrase you can say i didn't catch the last word.,English
"[20][21] Some, such as E. O. Wilson of Harvard University, predict that human destruction of the biosphere could cause the extinction of one-half of all species in the next 100 years.",English
"[51][52][53] The number of individual species of life is constantly in some degree of flux, with new species appearing and others ceasing to exist on a continual basis.",English
"[70][171]
In response to paid advocacy editing and undisclosed editing issues, Wikipedia was reported in an article in The Wall Street Journal, to have strengthened its rules and laws against undisclosed editing.",English
can you cover me like can you work instead of me while i'm seeing my friend.,English
we get very excited because.,English
"In July 2002 (Phase III), Wikipedia shifted to the third-generation software, MediaWiki, originally written by Lee Daniel Crocker.",English
"The atmosphere also retains heat during the night, thereby reducing the daily temperature extremes.",English
"It has applications in ranking, recommendation systems, visual identity tracking, face verification, and speaker verification.",English
"For the best performance in the context of generalization, the complexity of the hypothesis should match the complexity of the function underlying the data.",English
"[245] Additionally, there are bots designed to automatically notify editors when they make common editing errors (such as unmatched quotes or unmatched parentheses).",English
i'm really sorry about that.,English
[356] A 2017 MIT study suggests that words used on Wikipedia articles end up in scientific publications.,English
"[44] In the November 25, 2013, issue of New York magazine, Katherine Ward stated ""Wikipedia, the sixth-most-used website, is facing an internal crisis"".",English
"[75][76] However, some vandalism takes much longer to repair.",English
"Similarly, animals are often categorized in ways such as domestic, farm animals, wild animals, pests, etc.",English
"[67] According to the rules on the English Wikipedia, each entry in Wikipedia must be about a topic that is encyclopedic and is not a dictionary entry or dictionary-style.",English
"[282] Several languages of Wikipedia also maintain a reference desk, where volunteers answer questions from the general public.",English
"That nature has been depicted and celebrated by so much art, photography, poetry, and other literature shows the strength with which many people associate nature and beauty.",English
"The second was a Judges' Webby Award for the ""community"" category.",English
This also increases efficiency by decentralizing the training process to many devices.,English
[83][84] The process is widely seen as a resource-consuming scenario where no useful knowledge is added.,English
"[30] Machine learning and data mining often employ the same methods and overlap significantly, but while machine learning focuses on prediction, based on known properties learned from the training data, data mining focuses on the discovery of (previously) unknown properties in the data (this is the analysis step of knowledge discovery in databases).",English
money but you wouldn't get that bank loan unless you prove to the bank that you have enough money so next time you're stuck in a tricky situation remember.,English
[246] Edits falsely identified by bots as the work of a banned editor can be restored by other editors.,English
"Wilderness areas can be found in preserves, estates, farms, conservation preserves, ranches, national forests, national parks, and even in urban areas along rivers, gulches, or otherwise undeveloped areas.",English
isn't everything mother you have to realize i deserve someone like a prince or a knight.,English
"This line, too, was continued outside the AI/CS field, as ""connectionism"", by researchers from other disciplines including Hopfield, Rumelhart and Hinton.",English
"[19]:488 By 1980, expert systems had come to dominate AI, and statistics was out of favor.",English
asking for repetition.,English
"[160] In addition to the point-for-point disagreement between these two parties, others have examined the sample size and selection method used in the Nature effort, and suggested a ""flawed study design"" (in Nature's manual selection of articles, in part or in whole, for comparison), absence of statistical analysis (e.g., of reported confidence intervals), and a lack of study ""statistical power"" (i.e., owing to small sample size, 42 or 4 × 101 articles compared, vs >105 and >106 set sizes for Britannica and the English Wikipedia, respectively).",English
"[137] Though each language edition functions more or less independently, some efforts are made to supervise them all.",English
"The CAA self-learning algorithm computes, in a crossbar fashion, both decisions about actions and emotions (feelings) about consequence situations.",English
doll and the most amusing part is she loved herself to no ends narcisa would you.,English
take care.,English
and you're like what's going on in here like what are you doing here?.,English
colour versus color)[132] or points of view.,English
[213] That law bans photographic child pornography and cartoon images and drawings of children that are obscene under American law.,English
"Outer space, also simply called space, refers to the relatively empty regions of the Universe outside the atmospheres of celestial bodies.",English
Artificial neurons may have a threshold such that the signal is only sent if the aggregate signal crosses that threshold.,English
down in the description box for that and now the secret tip the secret tip to sound fluent is to use not more than one smart word or sentence i know sometimes.,English
your friends i'm feeling very sluggish.,English
"Carr wrote: ""Implicit in the ecstatic visions of Web 2.0 is the hegemony of the amateur.",English
"In December 2008, access to the Wikipedia article Virgin Killer was blocked for four days by most Internet service providers in the United Kingdom after the Internet Watch Foundation (IWF) decided the album cover was a potentially illegal indecent image and added the article's URL to a ""blacklist"" it supplies to British internet service providers.",English
"[169] Wikipedia's open structure inherently makes it an easy target for Internet trolls, spammers, and various forms of paid advocacy seen as counterproductive to the maintenance of a neutral and verifiable online encyclopedia.",English
[39] An optimal function will allow the algorithm to correctly determine the output for inputs that were not a part of the training data.,English
"[4] In 2018, Facebook and YouTube announced that they would help users detect fake news by suggesting links to related Wikipedia articles.",English
making plans.,English
The remainder is believed to consist of 26.8 percent cold dark matter and 68.3 percent dark energy.,English
"The combination of a high mutation rate and a horizontal gene transfer[69] ability makes them highly adaptable, and able to survive in new environments, including outer space.",English
There is neither a separate reinforcement input nor an advice input from the environment.,English
ce fut un plaisir de vous rencontrer plus tard.,French
La représentation de la « nature humaine » correspond logiquement aux philosophies humaines existantes et aux cultures humaines possibles.,French
"Parmi les contributeurs, 48 % d'entre eux avaient fait des études supérieures, et 20 % obtenu un master ou plus.",French
"Un chariot d'or les rejoignit, il était parsemé de pierres précieuses et de diamants et était extrêmement magnifique.",French
"La convention de 2007 de l'UNESCO souligne l'interaction des communautés humaines avec la nature, dans la définition qui a été donnée du patrimoine culturel immatériel : Voir aussi : Culture et nature La notion de culture recouvre deux sens : Le premier correspond à l’idée de civilisation.",French
"La société doit apporter une réponse à cette question, avec différentes approches possibles.",French
remercier les gens.,French
"Je ne sais pas quel jour est-ce que vous regardez cette vidéo, mais si c'est vendredi par exemple le week-end.",French
oh mon Dieu.,French
La nature est perçue par les sens et est pensée de façon variable selon les espèces et les individus inclus[réf.,French
"quand vous entendez une phrase, pratiquez-la après moi.",French
des données utilisées pour l’entrainement mais surtout de leur quantité.,French
"non merci de toute façon, et une autre phrase que j'utilise parfois dans mon email quand je n'ai pas demandé de personne.",French
vous pouvez dire désolé.,French
"Plusieurs autres moyens de consulter l'encyclopédie avec internet ont vu le jour, tels que des sites web miroirs[10], un appareil électronique dédié, le WikiReader, ou des applications pour smartphone.",French
"merci d'avance si quelqu'un a fait une erreur, et il en est vraiment énervé.",French
Le contenu de Wikipédia sert de références dans plusieurs articles de la littérature médicale professionnelle.,French
"En violant la vie privée de nos usagers, la NSA menace la liberté intellectuelle qui est centrale pour la capacité à créer et à comprendre des connaissances »[136].",French
"Si ce terme signifie essentiellement le « caractère inné » au IIe siècle avant notre ère, le latin classique, notamment par le biais de Cicéron, va l'enrichir de tous les sens du terme grec phusis, beaucoup plus complexe et obscur et dont il devient la traduction en philosophie latine[1].",French
"Le principe de « préjudice écologique » a été en France, en 2012, confirmé par la Cour de Cassation lors du procès de l'Erika.",French
"pourrais-tu me passer le sel, S'il vous plaît?",French
"vos amis, je me sens très lent.",French
"Cette notion de contenu libre découle de celle de logiciel libre, formulée avant Wikipédia par la Free Software Foundation.",French
"Par conséquent, Wikipedia adopte un code de conduite pour lutter contre le harcèlement suite aux problèmes comportementaux de certains de ses éditeurs qui aux fils de discussion tournent au pugilat voire au harcèlement par un membre de la communauté à l’encontre d’autres, notamment à l’encontre des femmes, des personnes de la communauté LGBT, etc.",French
"Également inspirée de Wikipédia[105], Wikimini et Vikidia offrent un dessein pédagogique à ces nouveaux wikis en proposant aux enfants et adolescents de construire leur propre encyclopédie en ligne[106].",French
Cette conception plus collective s'oppose à la conception française.,French
je ne suis pas sûre de ça.,French
tu devras manger tout ça je pensais que tu aimais les choses chics non je ne veux pas t'épouser je veux rentrer à la maison.,French
"d'accord, commençons.",French
La voiture autonome présente un cadre test pour confronter l’apprentissage automatique à la société.,French
"Sept versions linguistiques de l'encyclopédie recourent à l'orthographe et à la typographie « Wikipédia » (avec l'accent aigu) pour désigner l'encyclopédie : Les trois éditions de Wikipédia les plus consultées mi‑2010 sont, d'après le site d'Alexa (Internet), la version en anglais avec 54 % du trafic, la version en japonais avec 10,3 % du trafic et la version en allemand avec 8,1 % du trafic.",French
"Le projet Wikipédia ne se limite pas aux langues vivantes comptant un très grand nombre de locuteurs, officielles ou attachées à un pays.",French
"Il bénéficie pour cela du soutien de la société Bomis, dont il est l'actionnaire majoritaire[2].",French
"Le blocage est levé le 15 janvier 2020, jour de la publication de l'arrêt complet de la cour au Journal officiel, soit 991 jours après le début du blocage.",French
Ce n'est rien.,French
"Kiwix est l'un des principaux logiciels libres permettant de consulter Wikipédia à partir d'un ordinateur personnel sous Windows, Mac OS, GNU/Linux, iOS ou Android en mode hors connexion.",French
"En 2015, Wikipédia reçoit le prix Érasme doté de 150 000 euros « pour son apport particulier à la diffusion des connaissances[160].",French
nous' J'ai appris beaucoup de ces mots intelligents et nous avons tendance à en mettre deux trois quatre dans une phrase qui ne semble pas naturelle.,French
"Phusis vient du verbe phuein, dérivé de la racine phu qui désigne la croissance végétale.",French
"Le 26 janvier 2007, « Wikipédia » a aussi été nommée quatrième meilleure marque par les lecteurs de brandchannel, recevant 15 % des voix en réponse à la question « Quelle marque a le plus d'impact sur nos vies en 2006[156] ?",French
"et je fais toujours ça, tu peux dire les doigts croisés et tu croises les doigts comme ça.",French
"En janvier 2013, l'astéroïde (274301) Wikipédia est nommé en l'honneur de l'encyclopédie[159].",French
Citizendium est par exemple une encyclopédie en ligne en anglais dirigée par Larry Sanger et publiée sous licence libre.,French
"Dans certains cas, les biais algorithmiques peuvent conduire à des situations de discrimination[36].",French
"désolé, je ne peux pas pour le moment.",French
"Il leur arrive de mener des « guerres d'édition » entre eux, parfois pendant plusieurs années[54].",French
Comment vas-tu?,French
"étaient des êtres magiques quelque chose que la mère de Narcisse ne savait rien de Terry Melli oh c'est si bon de te voir ça fait très longtemps Comment avez-vous été j'ai été très bien j'aurais été mieux si seulement si seulement et si seulement ma fille Narcisa était un peu plus compréhensive marian a dit à Mellie et Terry tout sur Narcisa et comment elle était inquiète pour elle, elle veut manger pain en or que dois-je faire avec elle bien peut-être si son rêve se réalise.",French
c'est vous savez.,French
Améliorez-le ou discutez-en.,French
"maintenant nous utilisons souvent le mot génial ici ' C'est un autre mot que vous pouvez utiliser à la place de génial stupéfiant par exemple aujourd'hui, j'ai obtenu un score incroyable à mon test, ce qui signifie que j'ai obtenu un score très élevé ou J'ai obtenu une partition presque parfaite, le mot prodigieux a des racines latines classiques du mot qui signifie.",French
Wikipédia est réalisée collaborativement sur Internet via un « réseau coopératif » autoorganisé et sans frontières linguistiques[22].,French
ça vous dérange si je saute ici?,French
"Es war eine Freude, Sie später zu sehen.",German
"Es tut mir leid, Sie zu stören.",German
Ich kann mich nicht über den nächsten Satz beschweren.,German
"Ich fürchte, ich bin anderer Meinung.",German
"Das Wort stupendous hat klassische lateinische Wurzeln aus dem Wort, was bedeutet.",German
"Ich persönlich liebe den Satz, den du rockst, was bedeutet, dass du unglaublich bist.",German
Schon gut.,German
"Möchten Sie, dass ich Sie nach Hause fahre?",German
Die Wirtschaft war in diesem Jahr sehr schleppend oder das Spiel hat sich nach einem schleppenden Start erholt.,German
Komm schon.,German
du weißt es.,German
"aber war mit gebrochenem Herzen für alles, was dort ungenießbar war.",German
"Entschuldigung, ich kann jetzt nicht.",German
"Wie' s Narzissmus jetzt erzählt Marian beiden alles, was passiert war und sie hat sich seit dieser Zeit so sehr verändert.",German
Ich bin gleich bei dir.,German
"Du musst nur die besten Narzissen essen, die ich mir bei all dem Essen angesehen habe.",German
"So sehr, dass sie vergessen, was jetzt verwirrt zu tun ist, ist dies meistens ein überstrapaziertes Wort.",German
"Es ist mir egal, ob dich jemand etwas fragt und das ist eine wirklich einfache Entscheidung für dich, so wie jemand dir sagt, dass du meine 1 Million Dollar nimmst und du sagst, das ist ein Kinderspiel.",German
"Wenn jemand beschäftigt ist, können Sie sich immer entschuldigen, um Sie zu stören, und dann können Sie weitermachen und fragen.",German
"auf grausame Weise wird manchmal in Gefängnissen grausam auch im täglichen Leben verwendet, um über ein häufiges Fehlverhalten zu sprechen, und Sie möchten es übertreiben.",German
"hatte so kleine Augen fast wie die eines Vogels und der andere hatte eine riesige Nase, ich würde nicht in seiner Nähe sein wollen.",German
du hast gesagt.,German
"narcisa änderte ihre art und weise sie kämpfte zuerst, aber langsam und geduldig wurde sie eines tages viel netter mellie und terry kamen marian wieder entgegen oh hallo ihr zwei, also sag uns marian.",German
"Geld, aber Sie würden diesen Bankkredit nicht erhalten, wenn Sie der Bank nicht beweisen, dass Sie genug Geld haben, damit Sie sich das nächste Mal in einer schwierigen Situation befinden.",German
"Ich habe nicht zugehört, weil du vielleicht beschäftigt warst.",German
"und du weißt, das Beste daran war, als ich in meinem Hochzeitskleid war, das natürlich auch aus Gold war.",German
"Sie können es tun, Sie können das Toefl passieren.",German
"Viele Freier kamen, um in der Ehe um Narzissenhand zu bitten.",German
"und sie sind so, als ob ich das gleiche kaufen möchte und ich sage ihnen, dass du es verkauft hast, dass du mich verkauft hast.",German
"Ich bin mir nicht sicher, ob ich damit einverstanden bin.",German
"Dies ist ein Kinderspiel, was bedeutet, dass es eine wirklich einfache Entscheidung für Sie ist, wenn Sie etwas falsch gemacht haben und Sie zugeben, dass Sie sagen können, ich habe es vermasselt, ja Leute.",German
Ich habe mein Telefon verloren und bin in einer Verlegenheit oder unser Bus ist heute Morgen kaputt gegangen und ich bin in einer Verlegenheit.,German
das wäre toll klingt gut für mich. Da bin ich mir nicht sicher.,German
"Er begegnete ihm auf seinen Reisen oder in einem Interview, als sie gefragt wurde, warum wir Sie einstellen sollten.",German
"Oh, das ist beleuchtet und du hast es wahrscheinlich in Songs gehört, die ' Wenn jemand nach Fehlern erfolgreich ist, können Sie sagen, dass Sie es schaffen.",German
"Sie können ihm sagen, dass er die gute Arbeit fortsetzt.",German
Es lohnt sich nicht.,German
"Wenn du willst, dass jemand nur so klingt, als würde er weinen und sich über etwas beschweren, das nicht passiert, kannst du sagen, komm, ich kann es tun, ich?",German
"Ich habe so viel über dich gehört Ich hole dir etwas zu essen, oh danke, sie gingen ins Esszimmer und dort auf dem Tisch war das erstaunlichste Essen, das Narcisa jemals erstaunlich gesehen hatte, weil es die Marmeladen sind, die gemacht wurden.",German
Kann ich dich dort für einen Moment aufhalten?,German
"Gut erzogen hat das Wort suave verschiedene Ursprünge, aber ein sehr interessanter Ursprung des Wortes ist das, was ein angenehmes oder süß schmeckendes Beispiel bedeutet.",German
"Sie rannte, um ihre Mutter zu umarmen, die traurig im Haus saß, noch die Schwester meiner süßen Tochter.",German
50 Sätze in Englisch.,German
"Jemand sagt Ihnen etwas und Sie haben es im Gespräch nicht wirklich erwähnt, als würden sie irgendwie vermuten, dass Sie einen neuen Job haben, und Sie fragen ihn.",German
Der Wagen rumpelte gewaltig herum und Narzissa.,German
"Du hast mich verkauft, wenn du nicht an dem Gespräch interessiert bist.",German
"Das ist also eine großartige Möglichkeit zu üben, wo wir wieder waren, wenn Sie mitten in einem Gespräch sind.",German
und du bist wie was hier drin los ist wie was machst du hier?.,German
"Wenn jemand einen Job in seinen Träumen von dem bekommen hat, was Sie als Glückspilz bezeichnen können, oder wenn jemand in die Universität seiner Träume gekommen ist, als Glückspilz, dann ist dies eine Möglichkeit, der Person zu gratulieren, die Glück hat, oder einfach nur zu betonen, dass sie Glück hat, Glück zu haben, eine andere Art zu sagen Dass du wirklich wütend bist, heißt, ich bin ausgeflippt, als wäre ich so wütend, dass ich ausgeflippt bin.",German
"Oh Mama, ich liebe dich so sehr und du hattest rechtes Aussehen und Reichtum ist nicht alles, was das Goldbrot nutzlos war, da ich es und den Mann nicht essen konnte.",German
"Ich bin das ganze Wochenende frei, lass uns etwas tun.",German
Sie können einfach keine Sorgen sagen.,German
"Ich weiß, dass es mir so leid tut, wie ich mich verhalten habe, Mama.",German
"Είμαι ο άγγελος της καλής τύχης, το όνομα και η ομορφιά της κόρης σας είναι γνωστό σε όλο τον κόσμο εδώ, σας έφερα ένα δώρο, αλλά σχεδόν δεν τον γνωρίζετε ότι δεν μπορείτε να πάτε μαζί του.",Greek
"και είσαι σαν αυτό που συμβαίνει εδώ, όπως κάνεις εδώ ;.",Greek
Οι ακόλουθοι είναι μερικοί από αυτούς τους κανόνες [2].,Greek
"πες τους ίσως να είμαι αμβλείος, αλλά δεν ξέρω γιατί είσαι τόσο αναστατωμένος, η έξυπνη λέξη νούμερο 10 είναι αργή αργή υποτονική σημαίνει να κινείσαι με αργό τρόπο ώστε να είσαι πιο αργός ρυθμός.",Greek
είμαι αδιάφορος με αναθέσεις έξυπνη λέξη νούμερο δύο είναι catch-22 τώρα είμαι σίγουρος ότι έχετε ακούσει αυτή τη λέξη πριν από το catch-22 σημαίνει μια αδύνατη κατάσταση στην οποία δεν μπορείτε να κάνετε ένα πράγμα εκτός αν έχετε κάνει το άλλο και δεν μπορείτε να κάνετε το άλλο επειδή δεν έχετε κάνει το πρώτο.,Greek
Μου άρεσε από μερικές από τις ερωτήσεις που άλλες λέξεις που μπορείτε να χρησιμοποιήσετε αντί για flummoxed είναι μπερδεμένοι ή αμηχανία έξυπνη λέξη αριθμός οκτώ είναι ραντεβού ραντεβού.,Greek
είναι πραγματικά στις 1 μ.μ.,Greek
και κάνω πάντα ότι μπορείτε να πείτε τα δάχτυλα σταυρωμένα και να διασχίζετε τα δάχτυλα έτσι.,Greek
"ένα είναι βάλτο βάλτε σημαίνει πνιγμό ή πλημμύρα, αλλά βάλτο χρησιμοποιείται συχνά στο πλαίσιο εργασίας όπως εγώ Έχω πλημμυρίσει με δουλειά έχω πάρα πολύ δουλειά να κάνω Έχω πλημμυρίσει με δουλειά όλη αυτή την εβδομάδα, μόλις είχα χρόνο να αναπνεύσω τώρα ας δούμε τη ρίζα αυτής της λέξης.",Greek
τα πράγματα συμβαίνουν μην ανησυχείτε αν δεν έχετε το όνομα ενός ατόμου που θέλετε να του μιλήσετε.,Greek
"δεν ξέρω τι μέρα είναι όταν παρακολουθείτε αυτό το βίντεο, αλλά αν είναι Παρασκευή, για παράδειγμα Σαββατοκύριακο.",Greek
"Το  σύνθημα της Βικειπαιδιας είναι ""η ελεύθερη εγκυκλοπαίδεια που καθένας μπορεί να επιμεληθεί"", και περιγράφεται από τον ιδρυτή της Τζίμι Γουέιλς ως ""προσπάθεια να δημιουργηθεί και να διανεμηθεί μια ελεύθερη εγκυκλοπαίδεια της υψηλότερης δυνατής ποιότητας σε κάθε μεμονωμένο πρόσωπο στον πλανήτη, στη γλώσσα του"".",Greek
"κάποιος είναι απασχολημένος, μπορείς πάντα να λες συγγνώμη που σε ενοχλεί και μετά μπορείς να προχωρήσεις και να ρωτήσεις.",Greek
Ένα άλλο παράδειγμα του catch-22 είναι ότι χρειάζεστε τραπεζικό δάνειο επειδή δεν έχετε αρκετά.,Greek
ευχαρίστησή μου.,Greek
"αν αυτό είναι πραγματικά αυτό που θέλεις, τότε θα σε πάω σπίτι, το terrence πήρε το κλάμα και δυστυχισμένο.",Greek
θα χαρούμε να βοηθήσω.,Greek
Χτυπάτε το καρφί στο κεφάλι.,Greek
"Αυτά περιλαμβάνουν: το Βικιλεξικό, ένα πρόγραμμα λεξικού ελεύθερης πρόσβασης, τα Βικιβιβλία, ένα πρόγραμμα με βιβλία και εγχειρίδια ελεύθερης πρόσβασης, τη Βικιθήκη, μια βιβλιοθήκη ελεύθερης πρόσβασης, τα Βικιφθέγματα, συλλογή αποφθεγμάτων, και τα Βικινέα, μια πηγή ειδήσεων ελεύθερης πρόσβασης.",Greek
τόσο πολύ που ξεχνούν τι να κάνουν τώρα σύγχυση τείνει να είναι μια υπερβολικά χρησιμοποιημένη λέξη οπότε αντί για αυτό γιατί δεν χρησιμοποιείτε το flummox για παράδειγμα το αγόρι έμοιαζε εντελώς.,Greek
"Τον Ιανουάριο 2013, ένας αστεροειδής της Κύριας ζώνης αστεροειδών πήρε το όνομά του από τη Wikipedia και ονομάζεται 274301 Wikipedia.",Greek
"αν θέλετε να ευχαριστήσετε κάποιον, μπορείτε να πείτε ότι σας ευχαριστώ πολύ που το κάνατε αυτό είναι πολύ ευγενικό για εσάς, είναι πολύ ευγενικό αν κάποιος.",Greek
"Η Βικιπαίδεια (αγγλικά: Wikipedia, γουικιπίντια) είναι διεθνής, παγκόσμια, ψηφιακή, διαδικτυακή, ελεύθερου περιεχομένου, εγκυκλοπαίδεια, που βασίζεται σε ένα μοντέλο ανοικτό στη σύνταξη του περιεχομένου της.",Greek
"συγγνώμη, δεν το κατάλαβα.",Greek
θα προτιμούσα όχι.,Greek
μπορείς να πεις συγνώμη.,Greek
"ω, αυτό είναι σχεδόν τρελό.",Greek
"Για παράδειγμα, οι τρόποι του τραπεζιού ήταν σκληροί ή η αίσθηση της φόρμας είναι τόσο σκληρή ή η γραμματική του είναι τρομακτική.",Greek
"Η ναρκίσσα άλλαξε τους τρόπους της που αγωνίστηκε στην αρχή αλλά αργά και υπομονετικά άρχισε να γίνεται πολύ πιο όμορφη μια μέρα η Μέλι και ο Τέρρι ήρθε να συναντήσει ξανά τη Μαρία, γεια σας, λοιπόν, πείτε μας τη Μαρία.",Greek
"Ο σκοπός δεν είναι να εκτεθούν τα λήμματα από μία ""αντικειμενική"" οπτική γωνία—αυτή είναι μια κοινή παρανόηση του κανόνα—αλλά η δίκαιη και αμερόληπτη παρουσίαση όλων των απόψεων επί ενός θέματος [3].",Greek
φοβάμαι ότι διαφωνώ.,Greek
"ίσως μιλούσατε στο τηλέφωνο και κάποιος σας μιλούσε, και είστε σαν.",Greek
μπορώ να σε σταματήσω εκεί για μια στιγμή; σε πειράζει αν πηδήσω εδώ; προχώρα.,Greek
πως ξέρεις?.,Greek
δεν είναι όλα όσα πρέπει να συνειδητοποιήσετε ότι αξίζω κάποιον σαν πρίγκιπας ή ιππότης.,Greek
"Η Βικιπαίδεια έχει αυξηθεί σταθερά σε δημοτικότητα και έχουν γεννηθεί διάφορα αδελφά προγράμματα, όπως το Βικιλεξικό (Wiktionary), τα Βικιβιβλία (Wikibooks), τα Βικινέα (Wikinews), τα Βικιταξίδια (Wikivoyage), Βικιεπιστήμιο κλπ.",Greek
"Σε περίπτωση που ψάχνετε έξυπνες λέξεις για χρήση σε μια τηλεφωνική κλήση, τότε βάζω έναν σύνδεσμο για ένα βίντεο.",Greek
"σε ευχαριστώ έτσι κι αλλιώς δεν έχει σημασία, αλλά σε ευχαριστώ.",Greek
συγνώμη δεν άκουσα.,Greek
φοβάμαι ότι δεν έχω ιδέα.,Greek
συγγνώμη.,Greek
από το συνηθισμένο να φαίνεται λίγο κουρασμένος και να λείπει στο ενεργειακό παράδειγμα ένα βαρύ μεσημεριανό γεύμα με κάνει πολύ το απόγευμα ο νωθρός έχει ρίζες από τη λέξη που σημαίνει ένα αργό άτομο και ένας γυμνοσάλιαγκας είναι ένα ζώο που κινείται πολύ αργά σαν παραδείγματα σαλιγκαριών.,Greek
κάνω προσφορές.,Greek
εμείς' Έμαθα πολλές από αυτές τις έξυπνες λέξεις και τείνουμε να γεμίσουμε δύο τρία τέσσερα από αυτά σε μία πρόταση που δεν ακούγεται φυσικό.,Greek
"μπορείς να με καλύψεις ήρθε η ώρα να φύγω και παιδιά καλύτερα να πάω, πράγμα που σημαίνει ότι πρέπει να φύγω ήδη.",Greek
υπάρχει πάρα πολύ στο πιάτο μου πνίγω στη δουλειά.,Greek
σε παρακαλώ δέξου την συγνώμη μου.,Greek
"οπότε σήμερα θα μάθουμε 10 νέες έξυπνες λέξεις τις έννοιες τους ρίζες λέξεων και παραδείγματα προτάσεων, οπότε ας πάμε όλοι σε αυτό και παρακολουθείτε.",Greek
τι λες ότι πηγαίνουμε στις ταινίες; τι λες για πίτσα για δείπνο απόψε; αυτό θα ήταν υπέροχο.,Greek
για μένα κάτω από αυτό που μου λέει ποια από αυτές τις 10 λέξεις είναι το αγαπημένο σας και επίσης.,Greek
Θα σας δώσω επίσης μια έξυπνη συμβουλή για να ακούσετε πολύ ευφυή αριθμό έξυπνων λέξεων.,Greek
"έτρεξε να αγκαλιάσει τη μητέρα της που καθόταν στο σπίτι λυπημένη ούτε αδερφή της γλυκιάς μου κόρης, νόμιζα ότι δεν θα σε ξαναδώ.",Greek
(Δείτε την γρήγορη διαγραφή σελίδων για πιθανούς λόγους).,Greek
"अच्छी तरह से आप बस जवाब दे सकते हैं कि सब कुछ वास्तव में अच्छा नहीं है। अगला वाक्यांश शिकायत नहीं कर सकता है कि कोई व्यक्ति आपको कुछ बताता है और आपने वास्तव में बातचीत में इसका उल्लेख नहीं किया है जैसे कि वे किसी भी तरह से अनुमान लगाते हैं कि आपके पास एक नया काम है, और आप उससे पूछते हैं। आपको कैसे मालूम?। आपको यह खबर कैसे लगी पता है अगर कोई एक अच्छा मजाक बताता है तो आप बता सकते हैं कि यह एक अच्छा है। यह एक महान मजाक है इसलिए यह वाक्यांश एक अच्छा है। यदि आप किसी को धन्यवाद देना चाहते हैं, तो आप कह सकते हैं कि यह आपके लिए बहुत बहुत धन्यवाद है कि ऐसा करने के लिए आपका बहुत बहुत धन्यवाद। आपकी सहायता करने की कोशिश कर रहा था, लेकिन आप जो कह सकते हैं, उस तक नहीं पहुँच सके। धन्यवाद वैसे भी यह कोई फर्क नहीं पड़ता, लेकिन वैसे भी धन्यवाद। आपके प्रयास के लिए धन्यवाद। वैसे भी धन्यवाद नहीं, और एक और वाक्यांश जो मैं अपने ईमेल में कभी-कभी उपयोग करता हूं जब मैंने किसी व्यक्ति के लिए नहीं पूछा है। मैं पूछता हूं और फिर अंत में कहता हूं। अग्रिम धन्यवाद, जिसका अर्थ है कि मैं वास्तव में आशा करता हूं कि आप कर रहे हैं। यह पहले से आपको धन्यवाद देता हूं। अग्रिम धन्यवाद अगर किसी ने कोई गलती की है, और वह वास्तव में इसके बारे में परेशान है। आप बस कोई चिंता नहीं कह सकते हैं। चिंता मत करो, चिंता मत करो, जिसका मतलब है कि इसके बारे में चिंता मत करो। यह ठीक है। कोई चिंता नहीं है कि आप घर आए और आपके सभी दोस्त आपके सोफे पर बैठे हों। और तुम यहाँ क्या हो रहा है जैसे तुम यहाँ क्या कर रहे हो?",Hindi
कैसा चल रहा है?,Hindi
मुझे विश्वास नहीं हो रहा है कि आप मुझे मुस्कुराने के लिए किसी को बताने के लिए मज़ाक कर रहे हैं और खुश रहने के लिए आप हमेशा कह सकते हैं कि खुश रहो। अगर आप चाहते हैं कि कोई व्यक्ति रोने की आवाज़ करे और किसी ऐसी चीज़ के बारे में शिकायत करे जो नहीं हो रही है तो आप कह सकते हैं कि मैं आ सकता हूँ क्या आप इसे कर सकते हैं?,Hindi
"""""नहीं, हम नहीं जानते"", जिमी ने कहा.",Hindi
और फिर आगे बढ़ें और समझाएं कि आपको कहाँ मिला था मैंने आपको सही किया?,Hindi
"मुझे लगता है कि यह एक अच्छा विचार है। मैं ईमानदारी से नहीं लगता कि यह काम करने जा रहा है। जहाँ तक मेरा सवाल है, यह शहर का सबसे अच्छा रेस्तरां है। एक सवाल से बचना। मैं इस मामले पर एक राय नहीं है। मुझे उस पर वापस आने दो। मैं कहने के लिए स्वतंत्रता पर नहीं हूँ। सहमत और असहमति जताई। मैं और अधिक सहमत नहीं हो सकता। आप बिल्कुल सही कह रहे है। मैं आपसे 100% सहमत हूँ। तुमने सिर पर कील ठोक दी है। मुझे यकीन नहीं है मैं सहमत हूँ मुझे डर है कि मैं असहमत हूं। मुझे लगता है कि आप गलत हैं। विनम्रता से व्यवधान डालना। आपको बाधित करने के लिए खेद है। क्या मैं आपको एक पल के लिए वहाँ रोक सकता हूँ?",Hindi
"""मुझे नहीं पता""। मुझे डर है कि मुझे कुछ पता नहीं है। वहाँ आपकी मदद नहीं कर सकता, क्षमा करें। मुझे पता नहीं। राय। उसके बारे में आप क्या सोचते हैं?",Hindi
अगर मैं कल का दिन निकाल दूं तो यह ठीक होगा?,Hindi
"[137] विकिपीडिया के अवयवों को अकादमिक अध्ययन, पुस्क्तकों, सम्मेलनों और अदालत के मामले में प्रयुक्त किया गया है।[138][139][140]कनाडा की संसद की वेबसाइट में, सिविल विवाह अधिनियम के लिए, इसके ""आगे पठन"" की सूची के ""सम्बंधित लिंक्स"" सेक्शन में समान लिंग विवाह पर विकिपीडिया के लेख से सम्बन्ध रखती है।[141] विश्वकोश की स्वीकृतियों को संगठनों जैसे यू॰एस॰ फेडरल कोर्ट और विश्व बौद्धिक संपदा संगठन के द्वारा प्रयुक्त किया जाता है[142]- हालाँकि मुख्य रूप से इनका उपयोग मुख्य रूप से एक मामले के लिए जानकारी के फैसले से अधिक जानकारी के समर्थन के लिए होता है। [143] विकिपीडिया पर प्रकट होने वाले अवयव कुछ अमेरिकी खुफिया एजेंसीयों की रिपोर्ट में एक स्रोत के रूप में उद्धृत किये गए हैं। [144] दिसम्बर 2008 में वैज्ञानिक पत्रिका RNA बायोलोजी ने RNA अणुओं के वर्ग के वर्णन के लिए एक नया सेक्शन शुरू किया और इसे ऐसे लेखकों की जरुरत होती है जो विकिपीडिया में प्रकाशन के लिए RNA वर्ग पर एक ड्राफ्ट लेख लिखने में मदद करते हैं। [145] विकिपीडिया को पत्रकारिता में एक स्रोत के रूप में इस्तेमाल किया गया है,[146] कभी कभी बिना गुणधर्मों के ऐसा किया गया और कई पत्रकारों को विकिपीडिया से नक़ल करने के लिए बर्खास्त किया गया।[147][148][149]
जुलाई 2007 में, विकिपीडियाने बीबीसी रेडियो 4 पर 30 मिनट के एक वृत्तचित्र को प्रस्तुत किया,[150] जिसने तर्क दिया कि, उपयोगिता और जागरूकता के बढ़ने के साथ लोकप्रिय संस्कृति में विकिपीडिया के सन्दर्भ की संख्या इस प्रकार से है कि टर्म 21 वीं सदी की संज्ञाओं के एक चयन बैंड में से एक है जो बहुत लोकप्रिय हैं (गूगल, फेसबुक, यूट्यूब) कि वे उन्हने अधिक व्याख्या की जरुरत नहीं होती है और हूवरिंग और कोक की तरह 20 वीं सदी के टर्म्स के समतुल्य हैं। कई हास्यास्पद विकिपीडिया का खुलापन, ऑनलाइन विश्वकोश परियोजना लेखों के संशोधन या विध्वंस प्रवृति के पात्रों को दर्शाता हैं। 
विशेष रूप से, हास्य अभिनेता स्टीफन कोल्बेर्ट ने अपने शो द कोलबर्ट रिपोर्ट के असंख्य प्रकरणों में विकिपीडिया किए हास्य का प्रयोग किया है और इसके लिए एक शब्द दिया ""विकिअलिटी"".",Hindi
और आपको वह नहीं मिला जो दूसरा व्यक्ति कह रहा था आप कह सकते हैं कि आप कह रहे थे और एक प्रश्न चिह्न के साथ। जिसका अर्थ है जो व्यक्ति को एक बार फिर से दोहराने के लिए प्रेरित करता है?,Hindi
"इस दुनिया में कोई भी किसी भी विषय के बारे में कुछ भी लिख सकता है, इसलिए आप जानते हैं कि आपको सर्वोत्तम संभव जानकारी मिल रही है।"" कुछ चयनित विकिपीडिया की नीतियों जैसे xkcd स्ट्रिप को ""विकिपिडियन प्रोटेस्टर"" नाम दिया गया है। अप्रैल 2008 में डच फिल्म निर्माता एईजेसब्रांड वॉन वीलेन ने अपने 45 मिनट के टेलीविजन वृत्तचित्र ""द ट्रुथ अकार्डिंग टु विकिपीडिया"" का प्रसारण किया।[152] विकिपीडिया के बारे में एक और वृत्तचित्र शीर्षक "" ट्रुथ इन नंबर्स: द विकिपीडिया स्टोरी"" 2009 प्रदर्शन के लिए निर्धारित है। कई महाद्वीपों पर शूट की गयी, यह फिल्म विकिपीडिया के इतिहास और दुनिया भर में विकिपीडिया के संपादकों के साथ किये गए साक्षात्कारों को कवर करेगी। [153][154] 28 सितंबर 2007 को, इतालवी राजनीतिज्ञ फ्रेंको ग्रिल्लिनी ने चित्रमाला की स्वतंत्रता की आवश्यकता के बारे में सांस्कृतिक संसाधन और गतिविधियों के मंत्री के सम्नाक्ष संसदीय प्रश्न उठाया। उन्होंने कहा कि ऐसी आजादी की कमी विकिपीडिया पर दबाव बनाती है,"" जो सातवीं ऐसी वेबसाईट है जिस पर लोग विजित करते हैं"" यह आधुनिक इतालवी इमारतों और कला की सभी छवियों पर रोक लगाती है और दावा किया कि इसने पर्यटन राजस्व को बेहद क्षति पहुँचायी है। 
[155] 16 सितंबर 2007 को द वाशिंगटन पोस्ट ने सूचना दी कि विकिपीडिया 2008 अमेरिकी चुनाव अभियान में एक केंद्र बिन्दु बन गया, इसके अनुसार ""जब आप गूगल में उम्मीदवार का नाम टाइप करते हैं, एक विकिपीडिया पृष्ठ ही पहला परिणाम होता है, यह इन प्रविष्टियों को उतना ही महत्वपूर्ण बनता है जितना कि एक उम्मीदवार को परिभाषित करना.",Hindi
"[3] जुलाई 2008 को, पांच सबसे बड़े भाषा संस्करण हैं (लेख गणना के क्रम में)- अंग्रेजी, जर्मन, फ्रेंच, पॉलिश और जापानी विकिपीडिया.",Hindi
"[60] कुछ आलोचकों का दावा है कि विकिपीडिया की खुली सरंचना के कारण इंटरनेट उत्पीड़क, विज्ञापनदाता और वे लोग जो कोई हमला बोलना चाहते हैं, इसे आसानी से लक्ष्य बनाते हैं।[48][61]अमेरिकी प्रतिनिधि सभा और विशेष हित के समूहों सहित संगठनों के द्वारा दिए गए लेखों में राजनितिक परिप्रेक्ष्य[16] शामिल किया गया है,[62] और संगठन जैसे माइक्रोसोफ्ट ने विशेष लेखों पर काम करने के लिए वित्तीय भत्ते देने का प्रस्ताव रखा है।[63] इन मुद्दों को मुख्य रूप से कोलबर्ट रिपोर्ट में स्टीफन कोलबर्ट के द्वारा ख़राब तरीके से प्रस्तुत किया गया है। [64] 2009 की पुस्तक द विकिपीडिया रेवोलुशन के लेखक एंड्रयू लिह के अनुसार, ""एक विकी में इसकी सभी गतिविधियाँ खुले में होती हैं ताकि इनकी जांच की जा सके...... समुदाय में अन्य लोगों की क्रियाओं के प्रेक्षण के द्वारा भरोसा पैदा किया जाता है, इसके लिए लोगों की सामान और पूरक रुचियों का पता लगाया जाता है।"" [65] अर्थशास्त्री टायलर कोवेन लिखते हैं, ""यदि मुझे यह सोचना पड़े कि अर्थशास्त्र पर विकिपीडिया के जर्नल लेख सच हैं या या मीडियन सम्बन्धी लेख सच हैं, तो मैं विकिपीडिया को चुनूंगा, इसके लिए मुझे ज्यादा सोचना नहीं पडेगा.""",Hindi
"वह टिप्पणी देते हैं कि नॉन-फिक्शन के कई पारंपरिक स्रोत प्रणालीगत पूर्वाग्रहों से पीड़ित है। जर्नल लेख में नवीन परिणामों की रिपोर्ट जरुरत से जयादा दी जाती है और प्रासंगिक जानकारी को समाचार रिपोर्ट में से हटा दिया जाता है।
हालाँकि, वे यह चेतावनी भी देते हैं कि इंटरनेट की साइटों पर त्रुटियां अक्सर पायी जाती हैं और शिक्षाविदों तथा विशेषज्ञों को इन्हें सुधारने के लिए सतर्क रहना चाहिए, 
[66] फ़रवरी 2007 में, द हार्वर्ड क्रिमसन अखबार में एक लेख में कहा गया कि हार्वर्ड विश्वविद्यालय में कुछ प्रोफेसर अपने पाठ्यक्रम में विकिपीडिया को शामिल करते हैं, लेकिन विकिपीडिया का उपयोग करने में उनकी अवधारणा में मतभेद है। 
[67] जून 2007 में अमेरिकी लाइब्रेरी एसोसिएशन के भूतपूर्व अध्यक्ष माइकल गोर्मनने गूगल के साथ, विकिपीडिया को निंदन किया,[68] और कहा कि वे शिक्षाविद जो विकिपीडिया के उपयोग का समर्थन करते हैं ""बौद्धिक रूप से उस आहार विशेषज्ञ के समतुल्य हैं जो सब चीजों के साथ बिग मैक्स के निरंतर आहार की सलाह देते हैं।"" उन्होंने यह भी कहा कि ""बौद्धिक रूप से निष्क्रिय लोगों की एक पीढ़ी जो इन्टरनेट से आगे बढ़ने में असमर्थ है"", उसे विश्वविद्यालयों में उत्पन्न किया जा रहा है। उनकी शिकायत है कि वेब आधारित स्रोत उस अधिक दुर्लभ पाठ्य को सीखने से रोक रहे हैं जो या तो केवल दस्तावेजों में मिलता है या सबस्क्रिप्शन-ओनली (जिनमें सदस्यता ली जाती है) वेबसाइट्स पर मिलता है। 
इसी लेख में जेन्नी फ्राई (ऑक्सफ़ोर्ड इंटरनेट संस्थान में एक अनुसंधान साथी) ने विकिपीडिया की अकादमिक शिक्षा पर टिप्पणी दी कि: ""आप यह नहीं कह सकते हैं कि बच्चे बौद्धिक रूप से आलसी हैं क्योंकि वे इंटरनेट का उपयोग कर रहें हैं जबकि दूसरी ओर शिक्षाविद अपने अनुसंधान में सर्च इंजन का उपयोग कर रहे हैं। 
अंतर यह है कि उन्हें जो भी उन्हें प्राप्त हो रहा है, वह अधिकारिक है या नहीं और इसके बारे में जटिल होने का उन्हें अधिक अनुभव है। बच्चों को यह बताने की आवश्यकता है कि एक महत्वपूर्ण और उचित तरीके से इंटरनेट का उपयोग कैसे किया जाये। ""[68] विकिपीडिया समुदाय ने विकिपीडिया की विश्वसनीयता को सुधारने की कोशिश की है। अंग्रेजी भाषा के विकिपीडिया ने मूल्यांकन पैमाने की शुरुआत की जिससे लेख की गुणवत्ता की जांच की जाती है;[69] अन्य संस्करणों ने भी इसे अपना लिया है। अंग्रजी में लगभग 2500 लेख ""फीचर्ड आर्टिकल"" के दर्जे के उच्चतम रैंक तक पहुँचने के लिए मापदंडों के समुच्चय को पास कर चुके हैं;[70] ऐसे लेख अपने विषय में सम्पूर्ण और भली प्रकार से लिखा गया कवरेज़ उपलब्ध कराते हैं, जिन्हें कई सहकर्मी समीक्षा प्रकाशनों के द्वारा समर्थन प्राप्त है।[71] ज़र्मन विकिपीडिया, लेखों के ""स्थिर संस्करणों"" के रख रखाव की एक प्रणाली का परीक्षण कर रहा है,[72] ताकि यह एक पाठक को लेख के उन संस्करणों को देखने में मदद करे जो विशिष्ट समीक्षाओं से होकर गुजर चुके हैं। अन्य भाषाओँ के संस्करण इस ""ध्वजांकित संशोधन"" के प्रस्ताव को लागू करने के लिए एक सहमति तक नहीं पहुँचे हैं।[73][74] एक और प्रस्ताव यह है कि व्यक्तिगत विकिपीडिया योगदानकर्ताओं के लिए ""ट्रस्ट रेटिंग"" बनाने के लिए सॉफ्टवेयर का उपयोग और इन रेटिंग्स का उपयोग यह निर्धारित करने में करना कि कौन से परिवर्तन तुंरत दिखायी देंगे। 
[75] विकिपीडिया समुदाय ने ""a bureaucracy of sorts"" की स्थापना की है, जिसमें ""एक स्पष्ट सत्ता सरंचना शामिल है जो स्वयं सेवी प्रशासकों को सम्पादकीय नियंत्रण का अधिकार देती है। [76][77][78]
विकिपीडिया के समुदाय को ""पंथ की तरह (cult-like)"" के रूप में भी वर्णित किया गया है,[79] हालाँकि इसे हमेशा पूरी तरह से नकारात्मक अभिधान के साथ इस तरह से वर्णित नहीं किया गया है,[80] और अनुभवहीन उपयोगकर्ताओं को समायोजित करने की असफलता के लिए इसकी आलोचना की जाती है।[81] समुदाय में अच्छी प्रतिष्ठा के सम्पादक स्वयंसेवक स्टेवर्डशिप के कई स्तरों में से एक को चला सकते हैं; यह ""प्रशासक"" के साथ शुरू होता है,[82][83] विशेषाधिकृत उपयोगकर्ताओं का एक समूह जिसके पास पृष्ठों को डीलीट करने की क्षमता है, विध्वंस प्रवृति या सम्पादकीय विवादों की स्थिति में लेख में परिवर्तन को रोक (lock) देते हैं और उपयोगकर्ताओं के सम्पादन को अवरुद्ध कर देते हैं। 
नाम के अलावा, प्रशासक फैसला लेने में किसी भी विशेषाधिकार का उपयोग नहीं करते हैं; इसके बजाय वे अधिकतर उन लेखों के संपादन तक ही सीमित होते हैं, जिनमें परियोजना व्यापक प्रभाव होते हैं और इस प्रकार से ये सामान्य संपादकों को अनुमति नहीं देते हैं और उपयोगकर्ताओं को विघटनकारी संपादन (जैसे विध्वंस प्रवृति) के लिए प्रतिबंधित कर देते हैं। 
[84] चूंकि विकिपीडिया विश्वकोश निर्माण के अपरंपरागत मोडल के साथ विकसित होता है, ""विकिपीडिया को कौन लिखता है?""",Hindi
"विकि-शब्दकोष (एक मुक्त शब्दकोष एवं समानांतर कोष) 
 विकिताबें (मुफ़्त क़िताबें और उपयोगी सामग्री) 
 विकिक्वोट (विभिन्न सुभाषितों का संकलन) 
 विकिस्रोत (मुक्त स्त्रोत सामग्री) 
 कॉमंस (विकिमीडिया प्रकल्प का मीडिया फ़ाइल भंडार) 
 विकिसमाचार (मुक्त समाचार) योगदानकर्ताओं के लिए: यह लेख इंटरनेट (इण्टरनेट) विश्वकोश के बारे में बतलाता  है। कि विकिपीडिया के मुख्य पृष्ठ के लिए, विकिपीडिया का मुख्य पृष्ठ देखें। विकिपीडिया के आगंतुक परिचय के लिए, विकिपीडिया के बारे में पृष्ठ देखें। विकिपीडिया  एक मुफ्त,[5] वेब आधारित और सहयोगी बहुभाषी विश्वकोश है, जो गैर-लाभ विकिमीडिया फाउनडेशन से सहयोग प्राप्त परियोजना में उत्पन्न हुआ। इसका नाम दो शब्दों विकी (wiki) (यह सहयोगी वेबसाइटों के निर्माण की एक तकनीक है, यह एक हवाई शब्द विकी है जिसका अर्थ है ""जल्दी"") और एनसाइक्लोपीडिया (encyclopedia) का संयोजन है। 
दुनिया भर में स्वयंसेवकों के द्वारा सहयोग से विकिपीडिया के 1.3 करोड़ लेख (29 लाख अंग्रेजी विकिपीडिया में) लिखे गए हैं और इसके लगभग सभी लेखों को वह कोई भी व्यक्ति संपादित कर सकता है, जो विकिपीडिया वेबसाईट का उपयोग कर सकता है। [6] इसे जनवरी 2001 में जिम्मी वेल्स और लेरी सेंगर के द्वारा प्रारंभ (प्रारम्भ) किया गया,[7] यह वर्तमान में इंटरनेट (इण्टरनेट) पर सबसे लोकप्रिय संदर्भित कार्य है। 
[3][8][9][10] विकिपीडिया के आलोचक इसे व्यवस्थित पूर्वाग्रह और असंगतियों को दोषी ठहराते हैं,[11] और आरोप लगते हैं कि यह इसकी सम्पादकीय प्रक्रिया में उपलब्धियों पर सहमति का पक्ष लेती है।[12]
[13] विकिपीडिया की विश्वसनीयता और सटीकता भी एक मुद्दा है।[14][15] अन्य आलोचनाओं के अनुसार नकली या असत्यापित जानकारी का समावेश और विध्वंसक प्रवृति भी इसके दोष हैं,[16] हालाँकि विद्वानों के द्वारा किये गए कार्य बताते हैं कि विध्वंसक प्रवृति आमतौर पर अल्पकालिक होती है। 
[17][18] और एंड्रयू लिह ने ऑनलाइन पत्रकारिता पर पांचवीं अन्तर्राष्ट्रीय संगोष्ठी में,[19] विकिपीडिया के महत्त्व को न केवल एक विश्वकोश के सन्दर्भ में वर्णित किया बल्कि इसे एक बार बार अद्यतन होने वाले समाचार स्रोत के रूप में भी वर्णित किया क्योंकि यह हाल में हुई घटनाओं के बारे में बहुत जल्दी लेख प्रस्तुत करता है। जब टाइम पत्रिका ने यू (You) को वर्ष 2006 के लिए पर्सन ऑफ़ द इयर की मान्यता दी और बताया कि दुनिया भर में कई मिलियन उपयोगकर्ताओं के द्वारा इसका उपयोग किया जाता है और ऑनलाइन सहयोग में इसकी बढ़ती सफलता को मान्यता दी, इसने वेब 2.0 सेवाओ के तीन उदाहरणों में विकिपीडिया को यूट्यूब और माइस्पेस के साथ रखा। 
[20] विकिपीडिया, न्यूपीडिया (Nupedia) के लिए एक पूरक परियोजना के रूप में शुरू हुई, जो एक मुफ्त ऑनलाइन अंग्रेजी भाषा की विश्वकोश परियोजना है, जिसके लेखों को विशेषज्ञों के द्वारा लिखा गया और एक औपचारिक प्रक्रिया के तहत इसकी समीक्षा की गयी। न्यूपीडिया की स्थापना 9 मार्च 2000 को एक वेब पोर्टल कम्पनी बोमिस, इंक के स्वामित्व के तहत की गयी। इसके मुख्य सदस्य थे, जिम्मी वेल्स, बोमिस CEO और लेरी सेंगर, न्यूपीडिया के एडिटर-इन-चीफ और बाद के विकिपीडिया। 
प्रारंभ में न्यूपीडिया को इसके अपने न्यूपीडिया ओपन कंटेंट लाइसेंस के तहत लाइसेंस दिया गया और रिचर्ड स्टालमेन के सुझाव पर विकिपीडिया की स्थापना से पहले इसे GNU के मुफ्त डोक्युमेंटेशन लाइसेंस में बदल दिया गया। 
[21] लैरी सेंगर और जिम्मी वेल्स विकिपीडिया (Wikipedia) के संस्थापक हैं। [22][23] जहाँ एक ओर वेल्स को सार्वजनिक रूप से संपादन योग्य विश्वकोश के निर्माण के उद्देश्य को परिभाषित करने के श्रेय दिया जाता है,[24][25] सेंगर को आमतौर पर इस उद्देश्य को पूरा करने के लिए एक विकी की रणनीति का उपयोग करने का श्रेय दिया जाता है। [26] 10 जनवरी 2001 को, लेरी सेंगर ने न्यूपीडिया के लिए एक ""फीडर परियोजना"" के रूप में एक विकी का निर्माण करने के लिए न्यूपीडिया मेलिंग सूची की प्रस्तावना दी। 
[27]
विकिपीडिया को औपचारिक रूप से 15 जनवरी 2001 को, www.wikipedia.com पर एकमात्र अंग्रेजी भाषा के संस्करण के रूप में शुरू किया गया।[28] ओर इसकी घोषणा न्यूपीडिया मेलिंग सूची पर सेंगर के द्वारा की गयी। 
[24] विकिपीडिया की ""न्यूट्रल पॉइंट ऑफ़ व्यू""[29] की नीति को इसके प्रारंभिक महीनों में संकेतबद्ध किया गया, ओर यह न्यूपीडिया की प्रारंभिक ""पक्षपातहीन"" नीति के समान थी। 
अन्यथा, प्रारंभ में अपेक्षाकृत कम नियम थे और विकिपीडिया न्यूपीडिया से स्वतंत्र रूप से कार्य करती थी। [24] विकिपीडिया ने न्यूपीडिया से प्रारंभिक योगदानकर्ता प्राप्त किये, ये थे स्लेशडॉट पोस्टिंग और सर्च इंजन इंडेक्सिंग। 
2001 के अंत तक इसके लगभग 20,000 लेख और 18 भाषाओँ के संस्करण हो चुके थे। 2002 के अंत तक इसके 26 भाषाओँ के संस्करण हो गए, 2003 के अंत तक 46 और 2004 के अंतिम दिनों तक 161 भाषाओँ के संस्करण हो गए।[30] न्यूपीडिया और विकिपीडिया तब तक एक साथ उपस्थित थे जब पहले वाले के सर्वर को स्थायी रूप से 2003 में डाउन कर दिया गया और इसके पाठ्य को विकिपीडिया में डाल दिया गया। 
9 सितम्बर 2007 को अंग्रेजी विकिपीडिया 2 मिलियन लेख की संख्या को पार कर गया, यह तब तक का सबसे बड़ा संकलित विश्वकोश बन गया, यहाँ तक कि इसने योंगल विश्वकोश के रिकॉर्ड (1407) को भी तोड़ दिया, जिसने 600 वर्षों के लिए कायम रखा था। 
[31] एक कथित अंग्रेजी केन्द्रित विकिपीडिया में नियंत्रण की कमी और वाणिज्यिक विज्ञापन की आशंका से, स्पेनिश विकिपीडिया के उपयोगकर्ता फरवरी 2002 में Enciclopedia Libre के निर्माण के लिए विकिपीडिया से अलग हो गए।[32] बाद में उसी वर्ष, वेल्स ने घोषित किया कि विकिपीडिया विज्ञापनों का प्रदर्शन नहीं करेगा और इसकी वेबसाईट को wikipedia.org में स्थानांतरित कर दिया गया। [33] तब से कई अन्य परियोजनाओं को सम्पादकीय कारणों से विकिपीडिया से अलग किया गया है। विकिइन्फो के लिए किसी उदासीन दृष्टिकोण की आवश्यकता नहीं होती है और यह मूल अनुसंधान की अनुमति देता है। विकिपीडिया से प्रेरित नयी परियोजनाएं-जैसे सिटीजेंडियम (Citizendium), स्कॉलरपीडिया (Scholarpedia), कंजर्वापीडिया (Conservapedia) और गूगल्स नोल (Knol)[कृपया उद्धरण जोड़ें]-विकिपीडिया की कथित सीमाओं को संबोधित करने के लिए शुरू की गयी हैं, जैसे सहकर्मी समीक्षा, मूल अनुसंधान और वाणिज्यिक विज्ञापनपर इसकी नीतियां। विकिपीडिया फाउंडेशन का निर्माण 20 जून 2003 को विकिपीडिया और न्यूपीडिया से किया गया। [34] इसे 17 सितम्बर 2004 को विकिपीडिया को ट्रेडमार्क करने के लिए ट्रेडमार्क कार्यालय और अमेरिकी पेटेंट पर लागू किया गया। 
इस मार्क को 10 जनवरी 2006 को पंजीकरण का दर्जा दिया गया। 16 दिसम्बर 2004 को जापान के द्वारा ट्रेडमार्क संरक्षण उपलब्ध कराया गया और 20 जनवरी 2005 को यूरोपीय संघ के द्वारा ट्रेडमार्क संरक्षण उपलब्ध कराया गया। तकनीकी रूप से एक सर्विस मार्क, मार्क का स्कोप ""इंटरनेट के माध्यम से आम विश्वकोश के ज्ञान के क्षेत्र में जानकारी के प्रावधान"" के लिए है,[कृपया उद्धरण जोड़ें] कुछ उत्पादों जैसे पुस्तकों और DVDs के लिए विकिपीडिया ट्रेडमार्क के उपयोग को लाइसेंस देने की योजनायें बनायी जा रही हैं। 
[35] [[चित्र:Wiki feel stupid v2.ogvIMAGE_OPTIONSIn April 2009, the conducted a Wikipedia usability study, questioning users about the editing mechanism.REF START
पारंपरिक विश्वकोशों जैसे एन्साइक्लोपीडिया ब्रिटेनिका (Encyclopædia Britannica) के विपरीत, विकिपीडिया के लेख किसी औपचारिक सहकर्मी समीक्षा की प्रक्रिया से होकर नहीं गुजरते हैं और लेख में परिवर्तन तुंरत उपलब्ध हो जाते हैं l
किसी भी लेख पर इसके निर्माता या किसी अन्य संपादक का अधिकार नहीं है और न ही किसी मान्यता प्राप्त प्राधिकरण के द्वारा इसका निरीक्षण किया जा सकता है। कुछ ही ऐसे विध्वंस-प्रवण पेज हैं जिन्हें केवल इनके स्थापित उपयोगकर्ताओं के द्वारा ही संपादित किया जा सकता है, या विशेष मामलों में केवल प्रशासकों के द्वारा संपादित किया जा सकता है, हर लेख को गुमनाम रूप में या एक उपयोगकर्ता के अकाउंट के साथ संपादित किया जा सकता है, जबकि केवल पंजीकृत उपयोगकर्ता ही एक नया लेख बना सकते हैं (केवल अंग्रेजी संस्करण में)।
इसके परिणामस्वरूप, विकिपीडिया अपने अवयवों ""की वैद्यता की कोई गारंटी नहीं"" देता है। 
[36] एक सामान्य सन्दर्भ कार्य होने के कारण, विकिपीडिया में कुछ ऐसी सामग्री भी है जिसे विकिपीडिया के संपादकों सहित कुछ लोग[37] आक्रामक, आपत्तिजनक और अश्लील मानते हैं। [38] उदाहरण के लिए, 2008 में, विकिपीडिया, ने इस निति को ध्यान में रखते हुए, अपने अंग्रेजी संस्करण में, मुहम्मद के वर्णन को शामिल करने के खिलाफ एक एक ऑनलाइन याचिका को अस्वीकार कर दिया।
विकिपीडिया में राजनीतिक रूप से संवेदनशील सामग्री की उपस्थिति के कारण, पीपुल्स रिपब्लिक ऑफ चाइना ने इस वेबसाइट के कुछ भागों का उपयोग को प्रतिबंधित कर दिया।[39] (यह भी देखें: विकिपीडिया के IWF ब्लॉक) विकिपीडिया के अवयव फ्लोरिडा में कानून के अधीन हैं (विशेष कॉपीराईट कानून में), जहाँ विकिपीडिया के सर्वरों की मेजबानी की जाती है और कई सम्पादकीय नीतियां और दिशानिर्देश इस बात पर बल देते हैं कि विकिपीडिया एक विश्वकोश है। 
विकिपीडिया में प्रत्येक प्रविष्टि एक विषय के बारे में होनी चाहिए जो विश्वकोश से सम्बंधित है और इस प्रकार से शामिल किये जाने के योग्य है। एक विषय विश्वकोश से सम्बंधित समझा जा सकता है यदि यह विकिपीडिया के शब्दजाल में ""उल्लेखनीय"" है,[40] अर्थात, यदि इसने उन माध्यमिक विश्वसनीय स्रोतों में महत्वपूर्ण कवरेज़ प्राप्त किया है (अर्थात मुख्यधारा मीडिया या मुख्य अकादमिक जर्नल), जो इस विषय के मामले से स्वतंत्र हैं। दूसरा, विकिपीडिया को केवल उसी ज्ञान को प्रदर्शित करना है जो पहले से ही स्थापित और मान्यता प्राप्त है।[41] दूसरे शब्दों में, उदाहरण के लिए इसे नयी जानकारी और मूल कार्य को प्रस्तुत नहीं करना चाहिए। एक दावा जिसे चुनौती दी जा सकती है, उसे विश्वसनीय सूत्रों के सन्दर्भ की आवश्यकता होती है। विकिपीडिया समुदाय के भीतर, इसे अक्सर ""verifiability, not truth"" के रूप में बताया जाता है, यह इस विचार को व्यक्त करता है कि पाठक खुद लेख में प्रस्तुत होने वाली सामग्री की सच्चाई की जांच कर सकें और इस विषय में अपनी खुद की व्याख्या बनायें.",Hindi
क्या आप इस सप्ताह के अंत में कुछ करना चाहते हैं?,Hindi
"हाँ, कृपया सुनिश्चित करें, आगे बढ़ें। नहीं, बिलकुल नहीं। दुर्भाग्य से, मुझे नहीं कहना है। मैं नहीं बल्कि आप चाहते थे। मुझे डर है मैं कर रहा हूँ अनुरोध करना। क्या आप मुझे नमक देंगे, कृप्या अ?",Hindi
"यह परियोजना के बारे में बार बार, अक्सर अन्य वेब 2.0 परियोजनाओं जैसे डिग के सन्दर्भ में पूछे जाने वाले प्रश्नों में से एक बन गया है। 
[85] जिमी वेल्स ने एक बार तर्क किया कि केवल ""एक समुदाय... कुछ सौ स्वयंसेवकों का एक समर्पित समूह"" विकिपीडिया को बहुत अधिक योगदान देता है और इसलिए परियोजना ""किसी पारंपरिक संगठन से अधिक मिलती जुलती है"" 
वेल्स ने एक अध्ययन में पाया कि 50% से अधिक संपादन केवल .7% उपयोगकर्ताओं के द्वारा ही किये जाते हैं, (उस समय पर: 524 लोग) योगदान के मूल्यांकन की इस विधि पर बाद में आरोन सवार्त्ज़ ने विवाद उठाया उन्होंने नोट किया कि कई लेख जिन पर उन्होंने अध्ययन किया, उनके अवयवों के एक बड़े भाग में उपयोगकर्ताओं ने कम सम्पादन के साथ योगदान दिया था। 
[86] 2007 में डार्टमाउथ कॉलेज के शोधकर्ताओं ने अध्ययन में यह पाया कि ""विकिपीडिया के गुमनाम और विरले योगदानकर्ता.........ज्ञान के स्रोत के रूप में उतने ही विश्वसनीय हैं, जितने कि वे योगदानकर्ता जो साईट के साथ पंजीकरण करते हैं।"" 
[87]
हालाँकि कुछ योगदानकर्ता अपने क्षेत्र में प्राधिकारी हैं, विकिपीडिया के लिए यह आवश्यक है कि यहाँ तक कि उनके योगदानकर्ता को प्रकाशित और निरीक्षण के सूत्रों द्वारा समर्थन प्राप्त हो। परियोजना की योग्यता पर सहमति की प्राथमिकता को ""उत्कृष्ट-विरोधी"" के रूप में चिन्हित किया गया है।[11] अगस्त 2007 में, विर्गील ग्रिफ़िथ द्वारा विकसित एक वेबसाईट विकिस्केनर ने विकिपीडिया के खातों के बिना बेनाम संपादकों के द्वारा विकिपीडिया में किये जाने वाले परिवर्तन के स्रोतों का पता लगाना शुरू किया। 
इस कार्यक्रम ने प्रकट किया कि कई ऐसे संपादन निगमों या सरकारी एजेंसियों के द्वारा किये गए जिनमें उन से सम्बंधित, उनके कर्मचारियों या उनके कार्यों से सम्बंधित लेखों के अवयवों को बदला गया।[88] 2003 में एक समुदाय के रूप में विकिपीडिया के एक अध्ययन में, अर्थशास्त्र के पी.एच.डी.",Hindi
बहुत ज्यादा नहीं। सामान्य। मुझे जाना है। यह एक खुशी की मुलाकात थी जिसे आप बाद में देखते हैं। संपर्क में रहना। जानकारी के लिए पूछा जाना। क्या आप मुझे बता सकते हैं कि इस शब्द का क्या अर्थ है?,Hindi
"मैं सोच रहा था कि क्या यो मेरी मदद कर सकता है। बिलकुल कोई परेशानी नही। हाँ बिलकुल। मुझे मदद करने में खुशी होगी। क्षमा करें, मैं अभी नहीं कर सकता। मुझे डर है कि मैं नहीं कर सकता। प्रस्ताव बनाना। क्या मैं आपको एक गिलास पानी पिला सकता हूँ?",Hindi
"वह महान होगा। मुझे अच्छा लगता है। मैं इस बारे में निश्चित नहीं हूं। नहीं, मुझे ऐसा नहीं लगता। योजना बनाना। तुम आज रात क्या कर रहे हो?",Hindi
"जी बोलिये। यह बहुत अच्छा होगा, धन्यवाद। मैं ठीक हूँ, लेकिन पेशकश के लिए धन्यवाद। नहीं, मैं अच्छा हूँ, धन्यवाद। लोगों को धन्यवाद। बहुत - बहुत धन्यवाद। चीयर्स मैं वास्तव में इसकी सराहना करता हूं। आप बहुत दयालु हैं। मैं आपको पर्याप्त धन्यवाद नहीं दे सकता। यह कुछ भी नहीं है। इसका उल्लेख न करें। किसी भी समय। मेरा सौभाग्य। किसी को इंतजार करने के लिए कहना। क्या आप समय पर पकड़ सकते हैं, कृपया?",Hindi
"[64] इस साइटने मीडिया के कई रूपों पर एक प्रभाव पैदा किया है। कुछ मीडिया स्रोत त्रुटियों के लिए विकिपीडिया की संवेदनशीलता पर व्यंग्य करते हैं, जैसे जुलाई 2006 में द अनियन में मुख पृष्ठ का लेख जिसका शीर्षक था ""विकिपीडिया सेलेब्रेट्स 750 इयर्स ऑफ़ अमेरिकन इंडीपेनडेंस.""",Hindi
"के कोरियाई होस्टिंग सुविधा सियोल में थीं।[104] 2004 तक विकिपीडिया ने एकमात्र सर्वर का प्रयोग किया, इसके बाद सर्वर प्रणाली को एक वितरित बहुस्तरीय वास्तुकला में विस्तृत किया गया। जनवरी 2005 में, यह परियोजना, फ्लोरिडा में स्थित 39 समर्पित सर्वरों पर संचालित थी। इस विन्यास में MySQL चलाने वाला एकमात्र मास्टर डेटाबेस सर्वर, मल्टिपल स्लेव डेटाबेस सर्वर, अपाचे HTTP सर्वर को चलने वाले 21 वेब सर्वर और सात स्क्वीड केचे सर्वर शामिल हैं। विकिपीडिया दिन के समय के आधार पर प्रति सेकंड 25,000 और 60,000 के बीच पृष्ठ अनुरोधों को प्राप्त करता है। [105] पृष्ठ अनुरोधों को पहले स्क्वीड कैचिंग सर्वर की सामने के अंत की परत को पास किया जाता है।
[106] जिन अनुरोधों को स्क्वीड केचे से सर्व नहीं किया जा सकता है, उन्हें लिनक्स वर्चुअल सर्वर सॉफ्टवेयर चलाने वाले लोड-बेलेंसिंग सर्वरों को भेज दिया जाता है, जो बदले में डेटाबेस से पृष्ठ प्रतिपादन के लिए अपाचे वेब सर्वरों में से एक को यह अनुरोध भेज देता है। 
वेब सर्वर अनुरोध के अनुसार पृष्ठों की डिलीवरी करता है और विकिपीडिया के सभी भाषाओँ के संस्करणों के लिए पृष्ठ प्रतिपादन करता है। गति को और बढ़ाने के लिए, प्रतिपादित पृष्ठों को एक वितरित स्मृति केचे में अमान्य करने तक रखा जाता है, जिससे अधिकांश आम पृष्ठों के उपयोग के लिए पृष्ठ प्रतिपादन पूरी तरह से चूक जाता है। नीदरलैंड और कोरिया में दो बड़े समूह अब विकिपीडिया के अधिकांश ट्रेफिक लोड को संभालते हैं। विकिपीडिया में सभी पाठ्य GNU फ्री डोक्युमेंटेशन लाइसेंस (GFDL) के द्वारा कवर किया गया, यह एक कॉपीलेफ्ट लाइसेंस है जो पुनर्वितरण, व्युत्पन्न कार्यों के निर्माण और अवयवों के वाणिज्यिक उपयोग की अनुमति देता है, जबकि लेखक अपने कार्य के कॉपीराइट को बनाये रखते हैं,[107] जून 2009 तक, जब साईट क्रिएटिव कोमन्स एटरीब्यूशन-शेयर अलाइक (CC-by-SA) 3.0 को स्थानांतरित हो गयी। 
[108] विकिपीडिया क्रिएटिव कॉमन्स लाईसेन्स की ओर स्थानान्तरण पर कार्य करती रही है, क्योंकि जो GFDL प्रारंभ में सॉफ्टवेयर मेनवल के लिए डिजाइन की गयी, वह ऑनलाइन सन्दर्भ कार्यों के लिए उपयुक्त नहीं है, ओर क्योंकि दोनों लाइसेंस असंगत थे। 
[109] नवम्बर 2008 में विकिमीडिया फाउंडेशन के अनुरोध की प्रतिक्रिया में, फ्री सॉफ्टवेयर फाउंडेशन (FSF) ने GFDL के नए संस्करण को जारी किया, जिसे विशेष रूप से 1 अगस्त 2009 को relicense its content to CC-BY-SA के लिए विकिपीडिया को समायोजित करने के लिए डिजाइन किया गया था। 
विकिपीडिया ओर इसकी सम्बन्धी परियोजनाओं ने एक समुदाय व्यापक जनमत संग्रह का आयोजन किया ताकि यह फैसला लिया जा सके कि इस लाइसेंस को बदला जाना चाहिए या नहीं। 
[110] यह जनमत संग्रह 9 अप्रैल से 30 अप्रैल तक किया गया।[111] परिणाम थे 75.8% ""हाँ"", 10.5% ""नहीं"" और 13.7% ""कोई राय नहीं""[112] इस जनमत संग्रह के परिणाम में, विकिमीडिया न्यासी मंडल ने क्रिएटिव कॉमन्स लाईसेन्स को, प्रभावी 15 जून 2009 से बदलने के लिए मतदान किया।[112] यह स्थिति कि विकिपीडिया सिर्फ एक मेजबान सेवा है, इसका उपयोग सफलतापूर्वक अदालत में एक बचाव के रूप में किया गया है।[113][114] मीडिया फ़ाइलों (उदाहरण छवि फ़ाइलें) की हेंडलिंग का तरीका भाषा संस्करण के अनुसार अलग अलग होता है। कुछ भाषा संस्करण जैसे अंग्रेजी विकिपीडिया में उचित उपयोग सिद्धांत के अर्न्तगत गैर मुफ्त छवि फाइलें शामिल हैं जबकि अन्य में ऐसा नहीं होता है। यह भिन्न देशों के बीच कॉपीराइट कानूनों में अंतर के कारण आंशिक है; उदाहरण के लिए, उचित उपयोग की धारणा जापानी कॉपीराइट कानून में मौजूद नहीं है। मुफ्त सामग्री लाइसेंस के द्वारा कवर की जाने वाली मिडिया फाइलें, (उदाहरण क्रिएटिव कोमन्स cc-by-sa) को विकिमीडिया कोमन्स रिपोजिटरी के माध्यम से भाषा संस्करणों में शेयर किया जाता है, यह विकिमीडिया फाउंडेशन द्वारा संचालित परियोजना है। वर्तमान में विकिपीडिया के 262 भाषा संस्करण हैं; इनमें से 24 भाषाओं में 100,000 से अधिक लेख है और 81 भाषाओं में 1,000 से अधिक लेख है।[1] एलेक्सा के अनुसार, अंग्रेजी उपडोमेन (en.wikipedia.org; अंग्रेजी विकिपीडिया) अन्य भाषाओँ में शेष विभाजन के साथ विकिपीडिया के कुल ट्रेफिक का 52% भाग प्राप्त करता है (स्पेनिश: 19%, फ्रेंच: 5%, पॉलिश: 3%, जर्मन: 3%, जापानी: 3%, पुर्तगाली: 2%).",Hindi
"मीड़याविकी को GNU जनरल पब्लिक लाइसेंस के तहत लाइसेंस प्राप्त है और इसका उपयोग सभी विकिमीडिया परियोजनाओं और कई अन्य विकी परियोजनाओं के द्वारा किया जाता है। 
मूल रूप से, विकिपीडिया क्लिफ्फोर्ड एडम्स (पहला चरण) द्वारा पर्ल में लिखे गए यूजमोडविकी पर चलता था, जिसे प्रारंभ में लेख हाइपरलिंक के लिए केमलकेस की आवश्यकता होती थी; वर्तमान डबल ब्रेकेट प्रणाली का समावेश बाद में किया गया। 
जनवरी 2002 (द्वितीय चरण) में शुरू होकर, विकिपीडिया ने MySQL डेटाबेस के साथ एक PHP विकी इंजन पर चलना शुरू कर दिया; यह सॉफ्टवेयर माग्नस मांसके के द्वारा विकिपीडिया के लिए कस्टम-निर्मित था। 
दूसरे चरण के सॉफ्टवेयर को तीव्र गति से बढ़ती मांग को समायोजित करने के लिए बार बार संशोधित किया गया। जुलाई 2002 (तीसरे चरण) में, विकिपीडिया तीसरी पीढ़ी के सॉफ्टवेयर में स्थानांतरित हो गया, यह मिडिया विकी था जिसे मूल रूप से ली डेनियल क्रोकर के द्वारा लिखा गया था। [97] मीड़याविकी सॉफ्टवेयर की कार्यक्षमता बढ़ाने के लिए कई मीड़याविकी विस्तार इन्सटाल किये गए हैं। 
अप्रैल 2005 में एक ल्युसेन विस्तार[98][99] को मिडिया विकी के बिल्ट-इन सर्च में जोड़ा गया और विकिपीडिया सर्चिंग के लिए MySQL से ल्युसेन में बदल गया। 
वर्तमान में ल्युसेन सर्च 2,[100] जो कि जावा में लिखी गयी है और ल्युसेन लायब्रेरी 2.0 पर आधारित है,[101] का प्रयोग किया जाता है। विकिपीडिया वर्तमान में लिनक्स सर्वर (मुख्य रूप से उबुन्टु), के समर्पित समूहों पर,[102][103] ज़ेड एफ़ एस के लिए कुछ ओपनसोलारिस मशीनों के साथ संचालित है। 
फरवरी 2008 में, फ्लोरिडा में 300, एम्स्टरडाम में 26 और 23 याहू!",Hindi
कैसे कुछ आइसक्रीम के बारे में?,Hindi
झिझक रहा है। यह एक अच्छा सवाल है। मुझे देखने दो। एक पल के लिए मुझे सोचने दो। दुबारा दोहराने के लिए पूछें। क्षमा कीजिय?,Hindi
सब कुछ होने से पहले आप उन्हें उठाने के लिए क्या कर रहे हैं?,Hindi
बहुत बहुत शुक्रिया। आप कैसे हैं?,Hindi
"अगर आप किसी से पूछते हैं कि आप रोने के लिए परेशान न हों तो आप कह सकते हैं कि इसे दिल पर मत लें। इसे गंभीरता से दिल की तरह न लें ताकि परेशान न हों, इसे दिल पर न लें। यह पूछने का एक और तरीका कि क्या आपने वाक्यांश का एक हिस्सा नहीं पकड़ा है, तो आप कह सकते हैं कि मैंने अंतिम शब्द नहीं पकड़ा था। मुझे माफ कर दो। क्या आप इसे दोहरा सकते हैं क्योंकि मैंने अंतिम शब्द को नहीं पकड़ा अगर वह चाहता है कि कोई व्यक्ति पूरे वाक्यांश को फिर से दोहराए। आप सॉरी कह सकते हैं। मैं नहीं सुन रहा था क्योंकि शायद आप व्यस्त थे। शायद आप फोन पर बात कर रहे थे और कोई आपसे बात कर रहा था, और आप पसंद कर रहे हैं। बाप रे बाप। क्षमा करें, मैं नहीं सुन रहा था। क्या आप इसे दोहरा सकते हैं?। मुझे माफ कर दो। मैं एक और वाक्यांश नहीं सुन रहा था जो मैं हर समय उपयोग करता हूं। इससे कोई फर्क नहीं पड़ता कि अगर आप अपनी कॉफी मुझे छोड़ दें तो चिंता न करें। यह ऐसा है जैसे कोई फर्क नहीं पड़ता। मैं ठीक हो जाऊंगा। मैं' वैसे भी कपड़े धोने के लिए जा रहा हूँ। यदि आप किसी को शुभकामना देना चाहते हैं तो कोई बात नहीं। और मैं हमेशा ऐसा करता हूं कि आप कह सकते हैं कि उंगलियां पार हो गई हैं और आप उंगलियों को उस तरह से पार करते हैं। उंगलियों को पार कर। एक और वाक्यांश है कि अमेरिकन्स का उपयोग ओह बुरा है जो इसे समझाता है और। स्थिति यह है कि आपको कुछ नहीं मिला और फिर आपको एक अतिरिक्त प्रभाव मिलता है, और आप इसे प्राप्त करते हैं। और आप ओह की तरह हैं जो इसे बताते हैं जो इसे समझाते हैं। व्यक्ति को परेशान न होने के लिए कहने का एक और तरीका यह है कि आप कह सकते हैं कि चीजें ठीक हो सकती हैं। अगर आपके पास उस व्यक्ति का नाम नहीं है जिससे आप उससे बात करना चाहते हैं तो परेशान न हों। आप कह सकते हैं कि आप जानते हैं कि आपको परेशान करने के लिए खेद है। किसी की व्यस्तता आपको हमेशा परेशान करने के लिए सॉरी कह सकती है और फिर आप आगे जाकर पूछ सकते हैं। आपको परेशान करने के लिए क्षमा करें। यदि आप किसी के बारे में कुछ के बीच में हैं ' आपसे कुछ पूछने के लिए आप ओह कह सकते हैं। आप किसी चीज के बीच में हैं और किसी को किसी के कहने पर आप कुछ ऐसा करने के लिए कह रहे हैं, मुझे खेद है। मैं एक मिनट में आपके साथ रहूँगा और मैं आपके साथ रहूँगा और आप कुछ करना फिर से शुरू करेंगे और आप कहेंगे कि हम कहाँ थे। जैसे कि हम कब रुके थे हम कहाँ थे और आपको इसे दोहराना होगा क्योंकि यह क्या ध्वनि है कि कुछ लोग कुछ गलती करते हैं। इसलिए यह अभ्यास करने का एक शानदार तरीका है कि अगर आप बातचीत के बीच में हैं तो हम फिर से कहाँ थे?",Hindi
तुमसे मिलना अच्छा। बहुत समय से मिले नहीं। क्या आप?,Hindi
ये कैसा चल रहा है?। तो आप किसी से मिलते हैं और आप यह कैसे हो रहा है?,Hindi
यह इसके लायक नहीं है। आप उस समस्या से बहुत बेहतर हैं जिसके बारे में आप रो रहे हैं ' अपने आँसुओं के लायक नहीं है। यह इस लायक नहीं है कि मैं व्यक्तिगत रूप से आपको पसंद किए जाने वाले वाक्यांश से प्यार करता हूं जिसका अर्थ है कि आप अद्भुत हैं। बाप रे बाप। तुम चट्टान तुम चट्टान?,Hindi
"एक सेकंड पर लटकाओ। बस एक पल मेरे साथ सहन करो। मुझे तुम्हारे साथ रहना है। माफी मांग रहा है। मुझे उस पर वास्तव में खेद है। कृपया मेरी क्षमा याचना स्वीकार करें। इसके बारे में चिंता मत करो। चिंता न करें। ठीक है, यदि आप सामान्य वाक्यों और वाक्यांशों पर अधिक पाठ चाहते हैं, तो मुझे नीचे टिप्पणी अनुभाग में बताएं। अगर आपको यह वीडियो पसंद आया है, तो इसे लाइक बटन दबाकर अंगूठे दे और याद रखें कि यूट्यूब पर मेरे नवीनतम पाठों को प्राप्त करने के लिए इस चैनल को सब्सक्राइब बटन पर क्लिक करके सब्सक्राइब करें। खुश सीखने और मैं जल्द ही आपको एक और पाठ में देखूंगा। गोल्डन ब्रेड एक समय में एक छोटे से गाँव में एक महिला रहती थी जिसका नाम मैरियन था। अपनी इकलौती बेटी के साथ नरसिंह की शादी बेहद विनम्र और मीठी नशीली थी लेकिन पूरी तरह से इसके विपरीत आप देख सकते हैं कि वह उन शब्दों से परे सुंदर थी जो वह एक जीने की तरह थी। गुड़िया और सबसे मनोरंजक हिस्सा वह खुद को प्यार करता है कोई अंत नहीं होगा narcisa तुम। मुझे रोटी बनाने में मदद करें हुह कोई रास्ता नहीं माँ आटा मेरे सभी उज्ज्वल और स्पार्कली आँखें नौकरानियों। narcisa क्या आप मुझे इन बीजों को लगाने में मदद करेंगी कि मैं ऐसा क्यों करूँगी कि मुझे क्या मिला है जो मेरी प्यारी उँगलियों पर यह सब खराब हो गया है, अगर यह मेरे चेहरे पर अच्छी तरह से चला गया तो यह नरसीसा की समस्या थी। उसने खुद को किसी भी काम को करने के लिए बहुत सोचा था कि कई आत्महत्या करने वाले लोग शादी में नशीली वस्तुओं का हाथ मांगने आए थे। चूँकि उसकी सुंदरता दूर-दूर तक जानी जाती थी, लेकिन उसने उन सभी को बहुत ही अशिष्टता से अस्वीकार कर दिया, तो आपने उन पुरुषों को कल क्यों भेज दिया, उन्हें अच्छा लग रहा था कि आप उनमें से एक गंभीर माँ नहीं हो सकती हैं। ऐसी छोटी आँखें लगभग एक चिड़िया की तरह थीं और दूसरी के पास एक बड़ी नाक थी जो मैं उसके पास नहीं होना चाहता था। जब उन्होंने ओह ओह और आखिरी पड़ाव छींक दिया, तो मैं किसी भी अधिक सुनना नहीं चाहता, मैं यह देख सकता था कि वे लोग वास्तव में बहुत अच्छे थे मेरे प्रिय आपको उस सुंदरता को जानना चाहिए। वह सब कुछ नहीं है, जिसे आपको महसूस करना है कि मैं किसी राजकुमार या शूरवीर की तरह हूं। ओह प्रिय एक रात जब वह सो रही थी उसकी माँ उसे देख रही थी। मेरे प्यारे बच्चे तुम बहुत सुंदर और प्यारे हो लेकिन तुम्हें अपनी खूबसूरती के अलावा किसी और चीज की परवाह नहीं है। उस पल में नार्सीसस को नींद में हंसना शुरू कर दिया, उसकी माँ बेहद हैरान थी कि नार्सीसस होने पर अगली सुबह वह वास्तव में कितना मजेदार सपना देख रही होगी। मैं जाग गया कि वह सब मुस्कुरा रही थी और यहाँ पर गिगल्स ने जानेमन को बताया कि तुमने क्या सपना देखा था। कल रात अच्छी तरह से माँ यह एक ऐसा अद्भुत सपना था जिसे आप जानते हैं कि यह राजकुमार था जो मेरे पास आया था। और कहा कि वह मुझसे शादी करना चाहता था, वह एक सुनहरी गाड़ी में आया था और उसने ऊपर से नीचे तक कपड़े पहने थे और सोने के साथ-साथ एक मूर्खतापूर्ण सपना भी था। और आप जानते हैं कि इसका सबसे अच्छा हिस्सा तब था जब मैं अपनी शादी की पोशाक में था, जो सोने का भी था, निश्चित रूप से हर कोई मुझे केवल नरसीसा घूर रहा था, उस सपने के बारे में कुछ भी आश्चर्यजनक नहीं है। यह एक बहुत ही अहंकारी स्वप्न था कि आप यह नहीं जानते कि आप यह कह रहे हैं कि स्वप्न ने मुझे यह एहसास दिलाया है कि मुझे सोने से बने घर की रोटी के प्रकार की तुलना में बहुत अधिक भोजन की आवश्यकता है। ज़रा सोचिए उस गरीब नशीली माँ को अपनी बेटी और उसकी चिंता कैसी थी। वह उस दिन अपना जीवन व्यतीत करेगी, जिस दिन दो दोस्त नार्सिसस मां से मिलने आए थे, वे मधुर थीं और टेरी उन तीनों की उम्र के लिए दोस्त थीं, लेकिन टेरी और एली दोनों का रहस्य था। जादुई प्राणी कुछ ऐसे थे कि नरसी की माँ को टेरी मेली के बारे में कुछ भी नहीं पता था, ओह, यह देखना बहुत अच्छा है कि यह आपको बहुत लंबा है। t यह कि आप कैसे हैं, मैं बहुत अच्छा हूं मैं बेहतर होता अगर केवल तभी अगर मेरी बेटी नार्सीसा केवल थोड़ी और समझ रखने वाली मर्दानी होती जो मेली और टेरी को नार्सीसा के बारे में सब बताती और वह उसके लिए चिंतित रहती कि वह क्या खाना चाहती है। सोने से बनी रोटी मैं उसके साथ क्या कर सकता हूँ अगर उसका सपना सच हो जाए। यह अद्भुत होगा यह अच्छी तरह से कोई फर्क नहीं पड़ता मैं समय में लगता है कि वह जानने के लिए बढ़ेगा चलो कुछ और के बारे में बात करते हैं। अब बाद में मैली और टेरी ने अपने पुराने दोस्त को अलविदा कह दिया और उस रात चुपके से एक दूसरे की माँ और बेटी दोनों के पास मुस्कुराते हुए चली गईं। बिस्तर माँ के लिए तैयार हो गया, मुझे आशा है कि मेरा सपना सच होगा, आप जानते हैं कि ओह नार्सीसा अगले दिन नार्किसा और उसकी माँ अपने बगीचे में एक सुंदर के बाहर थीं। सुनहरी गाड़ी उनके ऊपर सवार होकर आई थी, जो कि रत्नों और हीरों में जड़ी हुई थी और बेहद आश्चर्यजनक लग रही थी। जैसा कि इसने एक सुंदर आदमी को रोका, इससे बाहर आया और नरसीसा को देखा कि वह पूरी तरह से इस बात पर अचंभित था कि वह कितना सुंदर था, मेरा सपना वास्तव में सच था। मैं यहाँ शादी में नशा करने के लिए क्या कहने आया हूँ, लेकिन आप उसका नाम कैसे जानते हैं और आप कौन हैं। मैं बहुत खुश हूं कि आपकी बेटी का नाम और उसकी किस्मत अच्छी है और दुनिया भर में जाना जाता है। मैं आपके लिए एक ऐसा उपहार लेकर आया हूं, लेकिन आप शायद ही उसे जानते हों कि आप उसके साथ नहीं जा सकते। ओह मूर्खतापूर्ण वह अमीर और सुंदर है जो मैं चाहता हूं कि मैं आपके प्रस्ताव को स्वीकार कर सकता हूं। और इसके साथ ही वह अपनी गाड़ी में सवार हो गया और बिना अपनी माँ को अलविदा कहे परी के साथ सवार हो गया क्योंकि वे गाड़ी से जा रहे थे कि अचानक गाड़ी एक जादुई पोर्टल में घुस गई, वहाँ एक तूफानी क्षेत्र से गुज़री तो गाड़ी ने चारों ओर से जबरदस्त टक्कर मार दी। बहुत डर गया था कि मेरे प्रिय को यह सब चिंता नहीं होगी क्योंकि वह यह कहेगा कि यह गाड़ी एक अन्य पोर्टल से होकर ड्राइववे तक पहुँच जाएगी। एक विशाल और शानदार सुनहरे महल में नार्किसा ने सारी सुंदरता को देखकर आश्चर्यचकित कर दिया कि उसने देखा कि मैं जानता था कि मैं इतने सारे धनवानों के लायक हूँ, मुझे पता था कि आप इसे चाहते हैं कि आप कुछ भी चाहें, यहाँ आपको सबसे सुंदर कपड़े से लेकर सबसे स्वादिष्ट खाद्य पदार्थ मिलेंगे। मेरे महल में भोजन की अच्छी तरह से बोलना, मैं उस सवारी के बाद सच में भूखा हूँ ' मैं भूखा रह सकता हूँ, लेकिन यहाँ पर जो भी स्वादिष्ट मीट मिस्सा है वह आपको मिलेगा, जो भी आप चाहते हैं, उसके बारे में आपने बहुत सुना होगा। मैं तुम्हें कुछ खाना मिल जाएगा ओह, शुक्रिया, वे भोजन कक्ष में चले गए और मेज पर सबसे आश्चर्यजनक भोजन नार्सीसा कभी अद्भुत देखा था, क्योंकि यह जाम बना रहे हैं। माणिक के सलाद में पन्ना और वहां पर बनी रोटी सोने की सुनहरी रोटी से बनी होती है, यह जाम कितना प्यारा लगेगा और जिस रोटी के साथ उसने स्लाइस ली थी, वह बहुत ही अच्छी लगेगी। उस पर माणिक जाम और एक विशाल काट लिया यह इतना गर्म है मैं इसे अच्छी तरह से नहीं खा सकता यह रोटी सोने से बना है और बेहतरीन भी है लेकिन अगर आप इसे नहीं खा सकते हैं तो मुझे आपको चांदी की रोटी मिलनी चाहिए हुह क्यों नहीं तुम खाते हो। कुछ और लेकिन मुझे सामान्य ब्रेड रोटी चाहिए, जो मैं खा सकता हूं, इसलिए आपको ऐसा नहीं लगता कि मेरी पत्नी की शायरियां ऐसी हैं कि यह ठंडी है, आपको केवल सबसे अच्छा खाना चाहिए, जो सभी भोजन को देखते हुए एल है। लेकिन सब कुछ के लिए दिल टूटा हुआ था कि वह जल्द ही रोना शुरू कर दिया था मैं यह नहीं चाहता लेकिन खाना वास्तव में अच्छा है। यहाँ कुछ सुनहरे आलू आज़माएँ, जो वास्तव में अच्छे हैं और आप मुझसे शादी करने के बाद। आपको यह सब खाना होगा, मुझे लगा कि आपको फैंसी चीजें पसंद हैं नहीं, मैं आपसे शादी नहीं करना चाहता। मेरी माँ ने मुझे घर जाने दिया और मेलिस्सा ने एक दूसरे को देखा और अच्छी तरह से झांका। अगर तुम सच में चाहते हो तो मैं तुम्हें घर ले जाऊँगा, रोने और दुखी हो गया। गाड़ी में घर पर नशीली चीजें, जो उसने घर पहुंचते ही बनाई थी, के बारे में गहराई से सोचना शुरू कर दिया। वह अपनी माँ को गले लगाने के लिए दौड़ी, जो न तो घर में उदास बैठी थी और न ही बहन ओ मेरी प्यारी बेटी ने सोचा था कि मैं तुम्हें फिर कभी नहीं देख पाऊँगी। ओह मॉम आई लव यू सो मच और आप सही लग रहे थे और धन नहीं है सब कुछ सोने की रोटी बेकार थी क्योंकि मैं इसे और आदमी को खा नहीं सकता था। वह हैंडसम था, उसने मेरी बिल्कुल भी परवाह नहीं की, लेकिन मेरे प्यारे, क्या आपको पता है कि आपने दूसरों के साथ वैसा ही व्यवहार किया है, मुझे पता है कि जिस तरह से मैंने देखा है, ठीक उसी तरह से मैंने माँ के अभिनय के लिए खेद जताया है। आपकी गलती क्या थी आइए आपको उस दिन से कुछ अच्छा खिलाते हैं। narcisa ने अपने तरीके बदल दिए जिससे वह पहले तो संघर्ष करती रही लेकिन धीरे-धीरे और धैर्य से वह एक दिन बहुत अच्छी बनने लगी और एक दिन टेरी फिर से मियां से मिलने आई ओह हेल्लो तुम दो तो हमें मियां बताओ। किस तरह' s narcissism अब marian ने उन दोनों को वह सब कुछ बताया जो हुआ था और वह उस समय से बहुत बदल गया है। क्या मुझे लगता है कि वह अब और कोई सोने की रोटी नहीं चाहती है। टेरी आप वास्तव में उस परी की तरह थोड़ी दिखती हैं, हालांकि मैं क्या देख रही हूं कि आप कैसे हो सकते हैं कि आप दो इतने अच्छे हैं",Hindi
"क्या आप थोड़ा और धीरे बोल सकते हैं, कृप्या अ?",Hindi
"पहले से ही, राष्ट्रपति प्रविष्टियों को प्रतिदिन अनगिनत बार संपादित, अवलोकित किया जा रहा है और इस पर विचार-विमर्श किया जा रहा है।"" [156] अक्टूबर 2007 के रायटर्स लेख शीर्षक ""विकिपीडिया पेज द लेटेस्ट स्टेटस सिम्बल"" में इस घटना पर रिपोर्ट दी गयी कि कैसे एक विकिपीडिया लेख किसी की विख्याति को साबित करता है।[157] विकिपीडिया ने मई 2004 में दो प्रमुख पुरस्कार जीते। [158] पहला था, वार्षिक प्रिक्स अर्स इलेक्ट्रोनिका प्रतियोगिता में गोल्डन निका फॉर डिजीटल कमयूनिटीस; यह पुरस्कार € 10000 (£ 6588; $ 12,700) अनुदान के साथ आया था और इसके साथ ऑस्ट्रिया में पी ए ई सइबरआर्ट्स समारोह में उस वर्ष दस्तावेज़ करने के लिए एक निमंत्रण भी प्राप्त किया गया था। 
दूसरा, ""समुदाय"" श्रेणी के लिए में न्यायाधीशों का वेब्बी अवार्ड था।[159] विकिपीडिया को ""बेस्ट प्रक्टिसस"" वेब्बी के लिए मनोनीत किया गया। 26 जनवरी 2007 को, विकिपीडिया को ब्रांडचैनल.कॉम के पाठकों द्वारा सर्वोत्तम चौथी ब्रांड श्रेणी से सम्मानित किया गया था; ""किस ब्रांड ने 2006 में हमारे जीवन पर सर्वाधिक प्रभाव डाला"" सवाल के जवाब में 15% मतदान प्राप्त किया गया।[160] सितम्बर 2008 में, विकिपीडिया ने बोरिस टाडिक, एकार्ट होफ्लिंग और पीटर गेब्रियल के साथ वेर्कस्टाट डॉइशलैंड का क्वाडि्ृगा अ मिशन ऑफ़ एनलाइटएनमेंट पुरस्कार प्राप्त किया। यह पुरस्कार जिमी वेल्स को डेविड वेंबेर्गेर द्वारा पेश किया गया।[161] जनता द्वारा लिखित इंटरैक्टिव मल्टीमीडिया विश्वकोश की असंख्य प्रविष्टियाॅं, विकिपीडिया की स्थापना से भी लंबे (लम्बे) समय पहले मौजूद थीं। इनमें से पहला था 1986 BBC डोमस्डे प्रोजेक्ट, जिसमें ब्रिटेन के 1 मिलियन से अधिक योगदानकर्ताओं के पाठ्य (BBC माइक्रो कंप्यूटर पर प्रविष्ट) और तस्वीरें शामिल थीं और यह ब्रिटेन के भूगोल, कला और संस्कृति को कवर करता था। यह पहला इंटरैक्टिव मल्टीमीडिया विश्वकोश था (और साथ ही आंतरिक लिंक्स के माध्यम से जुड़ा पहला मुख्य मल्टीमीडिया दस्तावेज़ भी था), इसमें अधिकांश लेख ब्रिटेन के एक इंटरेक्टिव मानचित्र के माध्यम से उपलब्ध थे। उपयोगकर्ता इंटरफ़ेस और डोमस्डे प्रोजेक्ट के अवयवों के एक हिस्से को अब एक वेबसाईट पर डाल दिया गया है। [162] सबसे सफल प्रारंभिक ऑनलाइन विश्वकोशों में से एक था h2g2 जिस पर जनता के द्वारा प्रविष्टियाँ की जाती थीं, जिसे डगलस एडम्स के द्वारा निर्मित किया गया और इसे BBC के द्वारा चलाया जाता है। h2g2 विश्वकोश तुलनात्मक रूप से हल्का फुल्का था, यह उन लेखों पर ध्यान केन्द्रित करता था जो हास्यपूर्ण भी हों और जानकारीपूर्ण भी हों।
इन दोनों परियोजनाओं में विकिपीडिया के साथ समानता थी, लेकिन दोंनों में से किसी ने भी सार्वजनिक उपयोगकर्ताओं को पूर्ण संपादकीय स्वतंत्रता नहीं दी। ऐसी ही एक गैर-विकी परियोजना GNU पीडिया परियोजना, अपने इतिहास के आरम्भ में न्यूपीडिया के साथ उपस्थित थी; हालाँकि इसे सेवानिवृत्त कर दिया गया है और इसके निर्माता मुफ्त सॉफ्टवेयर व्यक्ति रिचर्ड स्टालमेन ने विकिपीडिया को समर्थन दिया है। 
[21] विकिपीडिया ने कई सम्बन्धी परियोजनाओं का सूत्रपात भी किया है, इन्हें भी विकिमीडिया फाउंडेशन द्वारा संचालित किया जाता है। पहला, ""इन मेमोरियम: सितंबर 11 विकी"",[163] अक्टूबर 2002 में निर्मित,[164] जो 11 सितंबर के हमलों को विस्तृत किया; इस परियोजना को अक्टूबर 2006 में बंद कर दिया गया था। विकटियोनरी, एक शब्दकोश परियोजना, दिसंबर 2002 में शुरू की गई थी;[165] विकिकोट कोटेशन्स का एक संग्रह, जो विकिमीडिया के उदघाटन के एक सप्ताह बाद शुरू हुआ और विकिबुक्स सहयोग से लिखी गयी मुफ्त पुस्तकों का एक संग्रह.",Hindi
"आप कह रहे थे । अगर किसी को अपने सपनों का एक काम मिल गया है जिसे आप भाग्यशाली कह सकते हैं या कोई व्यक्ति अपने सपनों के विश्वविद्यालय में मिला जैसे भाग्यशाली आप यह व्यक्ति को भाग्यशाली मानने के लिए बधाई देने का एक तरीका है या सिर्फ इस बात पर जोर देने के लिए कि वह भाग्यशाली है कि आप कहने का एक और तरीका है तुम सच में गुस्सा हो कह रहे हो कि मैं बाहर बहुत गुस्सा था जैसे मैं बहुत गुस्से में था। बाहर यह बहुत गुस्सा है। ओह, यह लगभग पागल की तरह है। मैंने एक और मुहावरा सुनाया कि देशी वक्ताओं का उपयोग आपके लिए अच्छा है और यह सकारात्मक और नकारात्मक दोनों हो सकता है। वे आपके लिए अच्छे हैं, यह आपके बिना बेहतर होगा और यह एक नकारात्मक अर्थ है इसलिए वास्तव में सूचना को सुनें। अगर आपको कुछ अचरज होता है, तो आप यह भी कह सकते हैं कि हे भगवान!",Hindi
"शेष के लिए, विशेष भाषा से सम्बंधित लेख के लिए अन्य संस्करणों में समकक्ष न होना दुर्लभ नहीं है। उदाहरण के लिए, संयुक्त राज्य अमेरिका में छोटे शहरों के बारे में लेख केवल अंग्रेजी में ही उपलब्ध हो सकते हैं। अनुवादित लेख अधिकांश संस्करणों में लेख के एक छोटे हिस्से का प्रतिनिधित्व करते हैं, क्योंकि लेखों के स्वचालित अनुवाद की अनुमति नहीं होती है। 
[125] एक से अधिक भाषा में उपलब्ध लेख ""इंटरविकी"" लिंक पेश कर सकते हैं, जो अन्य संस्करणों के समकक्ष लेखों से सम्बंधित होते हैं। विकिपीडिया लेखों के संग्रह ऑप्टिकल डिस्क्स पर प्रकाशित किया गया है। एक अंग्रेजी संस्करण, 2006 विकिपीडिया CD सलेक्शन में लगभग 2,000 लेख शामिल थे।[126][127] पॉलिश संस्करण में लगभग 240,000 लेख शामिल हैं।[128] जर्मन संस्करण भी उपलब्ध हैं।[129] अपने लेखों की संख्या में तार्किक विकास के अलावा,[130] 2001 में अपनी स्थापना के बाद से विकिपीडिया ने एक आम सन्दर्भ वेबसाइट के रूप में दर्जा प्राप्त किया है।[131] अलेक्सा और कॉमस्कोर के अनुसार, दुनिया भर में विकिपीडिया उन अग्रणी दस वेबसाईटों में है जिस पर लोग सबसे ज्यादा जाते हैं।[10][132] शीर्ष दस में से, विकिपीडिया ही एकमात्र गैर लाभ वेबसाइट है। गूगल खोज परिणामों में इसके प्रमुख स्थान द्वारा विकिपीडिया के विकास को प्रोत्साहित किया गया है;[133] विकिपीडिया में आने वाले सर्च इंजन ट्रेफिक का लगभग 50% गूगल से आता है,[134] जिसमें से एक बड़ा भाग अकादमिक अनुसंधान से संबंधित है।[135] अप्रैल 2007 में प्यू इन्टरनेट और अमेरिकन लाइफ परियोजना ने यह पाया कि एक तिहाई अमेरिकी इंटरनेट उपयोगकर्ता विकिपीडिया से सलाह लेते हैं।[136] अक्टूबर 2006 में, साइट का एक काल्पनिक खपत मूल्य अनुमानतः $ 580 मिलियन था, अगर साईट ने विज्ञापन चलाये.",Hindi
और बताओ क्या हो रहा है?,Hindi
क्या हो रहा है अगर आप कुछ नहीं पकड़ते हैं या यह उस व्यक्ति को समझ नहीं पाया जिसे आप हमेशा पूछ सकते हैं कि क्या मैंने आपको सही किया है?,Hindi
अमेरिका में संदेह के लिए कोई जगह नहीं है यदि आप किसी को एसएमएस करना चाहते हैं या उन्हें एक संदेश भेजते हैं जिसे आप पाठ को पाठ कहते हैं तो मैं आपको पाठ लिखूंगा जिसका मतलब है कि मैं आपको व्हाट्सएप या टेलीग्राम या संदेशवाहक के माध्यम से एक संदेश भेजूंगा जिसका उपयोग मैं करूँगा पाठ आप फिर से किसी को खुश करने के लिए उन्हें बताने के लिए परेशान न होने के लिए आप कह सकते हैं कि यह इसके लायक नहीं है जैसे आप क्यों रो रहे हैं?,Hindi
इस पर आपके क्या विचार हैं?,Hindi
"[42] अंत में, विकिपीडिया एक पक्ष नहीं लेता है।[43] सभी विचार और दृष्टिकोण, यदि बाहरी स्रोतों को निर्दिष्ट कर सकते हैं, उन्हें एक लेख के भीतर कवरेज़ का उपयुक्त हिस्सा मिलना चाहिए। [44] विकिपीडिया के संपादक एक समुदाय के रूप में उन नीतियों और दिशानिर्देशों को लिखते हैं और संशोधित करते हैं,[45] और उन्हें डिलीट करके उन पर बल देते हैं, टैग लगा कर उनकी व्याख्या करते हैं, या लेख की उस सामग्री में संशोधन करते हैं जो उसकी जरूरतों को पूरा करने में असफल होती हैं। 
(डीलीट करना और शामिल करना भी देखें)[46][47] योगदानकर्ता, चाहे वे पंजीकृत हों या नहीं, सॉफ्टवेयर में उपलब्ध उन सुविधाओं का लाभ उठा सकते हैं, जो विकिपीडिया को प्रबल बनाती हैं। 
प्रत्येक लेख से जुड़ा ""इतिहास"" का पृष्ठ लेख के प्रत्येक पिछले दोहरान का रिकॉर्ड रखता है, हालाँकि अभियोगपत्र के अवयवों, आपराधिक धमकी या कॉपीराइट के उल्लंघन के दोहरान को बाद में हटाया जा सकता है।
[48][49] यह सुविधा पुराने और नए संस्करणों की तुलना को आसान बनाती है, उन परिवर्तनों को अन्डू करने में मदद करती है जो संपादक को अनावश्यक लगते हैं, या खोये हुए अवयवों को रीस्टोर करने में भी मदद करती है। प्रत्येक लेख से सम्बंधित ""डिस्कशन (चर्चा)"" के पृष्ठ कई संपादकों के बीच कार्य का समन्वय करने के लिए प्रयुक्त किये जाते हैं।
[50] नियमित योगदानकर्ता अक्सर, अपनी रूचि के लेखों की एक ""वॉचलिस्ट"" बना कर रखते हैं, ताकि वे उन लेखों में हाल ही में हुए सभी परिवर्तनों पर आसानी से टैब्स रख सकें.",Hindi
"मैं सभी सप्ताहांत मुक्त हूँ, चलो कुछ करते हैं। नहीं, क्षमा करें, मैंने पहले से ही कुछ योजनाओं को पागल कर दिया है। मैं कल की तरह व्यस्त हूँ। मैं कुछ करने के लिए प्यार करता हूँ, लेकिन मैं नहीं कर सकता। अनुमति। क्या आपको बुरा लगा अगर मैं आपके सेल फोन का उपयोग करूं?",Hindi
"यकीन है, आपके मन में क्या है?",Hindi
"[115] चूंकि विकिपीडिया वेब आधारित है और इसलिए पूरी दुनिया में समान भाषा संस्करण के योगदानकर्ता भिन्न बोलियों का प्रयोग कर सकते हैं या भिन्न देशों से आ सकते हैं (जैसा कि अंग्रेजी संस्करण के मामले में होता है) 
इन अंतरों के कारण वर्तनी अंतर (जैसे रंग बनाम रंग)[116] या दृष्टिकोण पर कुछ मतभेद हो सकते हैं। 
[117]
हालाँकि वैश्विक नीतियों जैसे ""न्यूट्रल पॉइंट ऑफ़ व्यू"" के लिए कई भाषाओँ के संस्करण हैं, वे नीति और अभ्यास के कुछ बिन्दुओं पर वितरित हो जाते हैं, सबसे विशेषकर उन छवियों पर जिन्हें मुफ्त लाइसेंस प्राप्त नहीं हुआ है, उनका उपयोग उचित उपयोग के एक दावे के अर्न्तगत किया जा सकता है। 
[118][119][120] जिमी वेल्स ने विकिपीडिया को इस प्रकार से वर्णित किया है, ""ग्रह पर हर एक व्यक्ति के लिए उनकी अपनी भाषा में उच्चतम संभव गुणवत्ता का एक मुफ्त विश्वकोश बनाने और वितरित करने का एक प्रयास""। 
[121] हालाँकि प्रत्येक भाषा संस्करण कम या अधिक स्वतंत्र रूप से कार्य करता है, उन सब पर निगरानी रखने के लिए कुछ प्रयास किये जाते हैं। 
वे आंशिक रूप से मेटा विकी के द्वारा समन्वित किये जाते हैं, विकिमीडिया फाउंडेशन का विकी इसकी सभी परियोजनाओं (विकिपीडिया और अन्य) के रख रखाव के लिए समर्पित है।
[122] उदाहरण के लिए, मेटा-विकी विकिपीडिया के सभी भाषा संस्करणों पर महत्वपूर्ण आंकडे उपलब्ध करता है,[123] और यह हर विकिपीडिया में आवश्यक लेखों की सूची रखता है।[124] यह सूची विषय के अनुसार मूल अवयवों से प्रसंग रखती है: जीवनी, इतिहास, भूगोल, समाज, संस्कृति, विज्ञान, प्रौद्योगिकी, खाद्य पदार्थ और गणित.",Hindi
"तब से विकिमीडिया ने कई अन्य परियोजनाएं शुरू की हैं, इसमें विकीवर्सिटी भी शामिल है, यह मुफ्त अध्ययन सामग्री के निर्माण के लिए और ऑनलाइन शिक्षण गतिविधियों का प्रावधान करने की परियोजना है। 
[166] हालाँकि, इन में से कोई भी सम्बंधित परियोजना, विकिपीडिया की सफलता प्राप्ति में सहायक नहीं रही है। विकिपीडिया की जानकारी के कुछ उपसमुच्चय अक्सर विशिष्ट उद्देश्य के लिए अतिरिक्त समीक्षा के साथ विकसित किये गए हैं। उदाहरण के लिए, विकिपीडीयन्स और SOS बच्चों के द्वारा निर्मित CD /DVD की विकिपीडिया श्रृंखला (उर्फ ""विकिपीडिया फॉर स्कूल्स""), एक मुफ्त, हाथ से जांच की गयी, विकिपीडिया से गैर वाणिज्यिक चुनाव है, जो ब्रिटेन के राष्ट्रीय पाठ्यक्रम में लक्षित है और अधिकांश अंग्रेजी भाषी दुनिया के लिए उपयोगी है। 
विकिपीडिया फॉर स्कूल्स ऑनलाइन उपलब्ध है: एक समकक्ष प्रिंट विश्वकोश के लिए लगभग बीस संस्करणों की आवश्यकता होगी।
ये विकिपीडिया के लेख के एक सलेक्ट सबसेट को एक मुद्रित पुस्तक रूप देने का प्रयास भी किया गया है।
[167] सहयोगी ज्ञान आधार विकास पर केन्द्रित अन्य वेबसाईटों ने या तो विकिपीडिया से प्रेरणा प्राप्त की है या उसे प्रेरित किया है।
कुछ, जैसे सुस्निंग.नु (Susning.nu), एनसिक्लोपेडिया लीब्रे (Enciclopedia Libre) और विकिज़नानी (WikiZnanie) किसी औपचारिक समीक्षा प्रक्रिया का इस्तेमाल नहीं करते है, जबकि अन्य जैसे एनसाइक्लोपीडिया ऑफ़ लाइफ (Encyclopedia of Life), स्टैनफोर्ड एनसाइक्लोपीडिया ऑफ़ फिलोसोफी (Stanford Encyclopedia of Philosophy), स्कोलरपीडिया (Scholarpedia), h2g2, एव्रीथिंग2 (Everything2), अधिक पारंपरिक सहकर्मी समीक्षा का उपयोग करते है। एक ऑनलाइन विश्वकोश, सिटिज़नडियम को विकिपीडिया के सह-संस्थापक लैरी सेंगर के द्वारा विकिपीडिया के ""विशेषज्ञ अनुकूल"" का निर्माण करने के प्रयास में शुरू किया गया था।[168][169][170] निर्देशांक: 37°47′13″N 122°23′59″W﻿ / ﻿37.78697°N 122.399677°W﻿ / 37.78697; -122.399677 विकिमीडिया संस्थान एक अमेरिकी गैर-लाभकारी संस्थान है, जिसका मुख्यालय सैन फ्रांसिस्को, कैलिफोर्निया में स्थित है। इसकी स्थापना जिमी वेल्स ने 20 जून 2003 को की थी। यह दान में प्राप्त पैसों से संचालित होता है। इस संस्थान की सबसे अधिक प्रसिद्ध परियोजना विकिपीडिया है। इसके अलावा भी कई अन्य परियोजनाओं को शुरू किया गया था। जिसमें विक्षनरी (शब्दकोश), विकिस्रोत, विकिसमाचार, विकिसूक्ति, विकिपुस्तक, विकियात्रा आदि हैं। इसके अलावा कई ऐसे प्रकल्प भी है, जिसमें सभी भाषाओं के सदस्य योगदान देते हैं। इसमें मेटा विकि, इनक्यूबेटर, कॉमन्स आदि हैं। विकिमीडिया संस्थान का उद्देश्य मुफ्त लाइसेंस या सार्वजनिक कार्यक्रम (public domain) के अन्तर्गत, शैक्षणिक सामग्री एकत्रित करके विश्व के लोगों को सशक्त एवं व्यस्त बनाना, एवं इसे भूमण्डल में प्रभाविकता से प्रसारित करना है। अध्यायों के अन्तरजाल की सहायता से, संस्थान एक से अधिक भाषा के लिये विकि प्रोजेक्ट एवं अन्य प्रयत्न, जो कि उद्देश्य की और अग्रसर है, की सहायता एवं विकास के लिये मूलभूत और संगठित ढांचा प्रदान करता है। संस्थान इन प्रॉजेक्ट्स की मदद से निरन्तर इंटरनेट पर मुफ्त उपयोगी सूचना उपलब्ध करायेगा। विकिमीडिया फ्लोरिडा, अमेरिका के कानून के अंतर्गत एक बिना-लाभार्जन की दानपुण्य संस्था है। पूरी तरह से हिसाब रखने वाला विकिमीडिया संस्थान गाइडस्टार एवं इसकी भागीदार साइटों पर एक दानपुण्य संस्था के रूप में सूचित है। विकिमिडिया संस्थान अमेरिका में ५०१(सी)(३) कर-मुक्त स्थिति में है। विकिमीडिया संस्थान प्रसिद्ध कार्यकारी एनसायक्लोपीडिया, विकिपीडिया, २००६ के अंत तक विश्व में सबसे ज्यादा देखी जाने वाली १५ वेबसाइटों में से एक, को सहयोग देता है। जनवरी, २००१ में विकिपीडिया की स्थापना, एवं जून, २००३ में विकिमीडिया संस्थान की समविष्टि से इसकी प्रगति विस्मयित रही है। अंग्रेजी-भाषा विकिपीडिया, इसका प्रथम कार्यक्रम, समाविष्टि के बाद से १.३५ लाख लेखों से आज १५० लाख लेख तक पहुँच गया है। ३९ अन्य-भाषाओं की विकिपीडिया पर अपनी भाषा में १००,००० से ज्यादा लेख लिखे जा चुके हैं। साथ ही साथ, संस्थान विकिपीडिया के अतिरिक्त, अन्य कई प्रोजेक्टों को संचालित करता है, जैसे कि विकिमीडिया कोमन्स, मुफ्त चित्रों एवं मीडिया का संग्रहण, जिसने नवंबर २००६ में दस लाख चित्रों का आंकडा पार किया है। विक्शनरी, मुफ्त शब्दकोष, ८ अलग-अलग भाषाओं में ५०,००० शब्दों से ज्यादा प्रविष्टियां रखता है, जिनमें से तीन २००,००० से ज्यादा परिभाषायें रखते हैं। विकिसोर्स, एक भौतिक स्रोत संग्रहण, लगभग १५०,००० पृष्टों का संग्रहण है। विकिकोटे (उद्धरण), विकिबुक्स (आपसी सहयोग से लिखी पुस्तकें), विकिन्यूज (नगरीय समाचार पत्र), विकिवर्सिटी (पाठ्यक्रम विकास), ये सब उसी रफ्तार से अग्रसर है। कुल मिलाकर, इन कार्यक्रम में ७८ लाख से अधिक पृष्ट, २२ लाख से अधिक चित्र, एवं ५० लाख से अधिक पंजीकृत खाते हैं। विकिट्रेवल, ओमेगाविकि, एवं विकिआ, संस्थान के द्वारा संचालित कार्यक्रम नहीं है। अंग्रेज़ी (w)  · सेबुआनो (w)  · 
स्वीडिश (w)  · 
जर्मन (w)  · 
डच (w)  · 
फ़्रान्सीसी (w)  · 
रूसी (w)  · 
इतालवी (w)  · 
स्पेनी (w)  · 
विनैरे  · 
पोलिश (w)  · 
वियतनामी (w)  · 
जापानी (w) पुर्तगाली (w)  · 
चीनी (w)  · 
यूक्रेनी (w)
कैटलन (w)  · 
फ़ारसी (w)  · 
अरबी (w)  · नॉर्वेजियाई (बोक्माल) (w)  · 
सर्बो-क्रोएशियाई  · 
फ़िनिश (w)  · 
हंगेरियाई (w)  · 
इण्डोनेशियाई (w)  · 
कोरियाई (w)  · 
चेक (w)  · 
रोमानियाई (w)  · 
सर्बियाई (w)  · 
तुर्क (w)  · 
मलय (w)  · 
बास्क (w)  · 
इस्परान्तो (w)  · 
बुल्गारियाई (w)  · 
डैनिश (w)  · 
मिनांगकाबाउ (w)  · 
आर्मिनियाई (w)  · 
कज़ाख़ (w)  · 
स्लोवाक (w)  · 
हिब्रू (w)  · 
लिथुआनियाई (w)  · 
क्रोएशियाई (w)  · 
चैचन अंग्रेज़ी (w)  · 
स्लोवेनियाई (w)  · 
एस्टोनीयाई (w)  · 
बेलारूसी (w)  · 
गैलिसियाई (w)  · 
नॉर्वेजियाई (नाय्नोर्स्क) (w)  · 
यूनानी (w)  · 
उज़्बैक (w)  · 
लातिन (w)  · 
साधारण अंग्रेज़ी (w)  · 
वोलापूक (w)  · 
हिन्दी (w)
अज़रबैजानी (w)  · 
थाई (w)  · 
जॉर्जियाई (w)  · उर्दू (w)  · 
मिन नान (w)  · 
ऑकिटन (w)  · 
मैसिडोनियाई (w)  · 
तमिल (w)  · 
मालागासे (w) · 
नेपाल भाषा (w) · 
वेल्श (w)  · 
टाटर (w)  · 
बोस्नियाई (w)  · 
लातवियाई (w)  · 
तागलोग (w)  · 
पीड्मॉण्टी (w)  · 
तेलुगू (w)  · 
बेलारूसी (तारास्कीविका) (w)  · 
ब्रिटन (w)  · 
हैतियाई क्रियोल (w)  · 
अल्बानियाई (w) जावानी (w)  · 
किर्घिज़  · 
अस्तूरियाई (w)  · 
लग्ज़म्बर्गी (w)  · 
मराठी (w)  · 
मराठी (w)  · 
मलयालम (w)  · 
आइसलैण्डी (w)  · 
ताजिक (w)  · 
बांग्ला (w)  · 
अफ़्रीकान्स (w)  · 
आयरिश (w)  · 
पश्चिमी पंजाबी (w)  · 
स्कॉट्स (w)  · 
बश्किर (w)  · 
चुवाश (w)  · 
पश्चिमी फ़्रिसियाई (w)  · 
लुम्बार्ट (w)  · 
म्यान्मारी (w)  · 
स्वाहिली (w)  · 
योरूबा (w)  · 
अरागोनियाई (w)  · 
नेपाली (w)  · 
ईडो (w)  · 
गुजराती (w)  · 
सिसलीयाई (w)  · 
विष्णुप्रिया मणिपुरी (w)  · 
निम्न सैक्सन (w)  · 
कुर्द (w)  · 
आलेमैनिक (w)  · 
पंजाबी (w)  · 
क्वैचुआ (w)  · 
सुन्दा भाषा (w)  · 
कन्नड़ (w)  · 
बवारियाई (w)  · 
सोरानी (w)  · 
मंगोलियाई (w)  · 
अन्तरभाषिक (w)  · 
मिस्री अरबी (w)  · 
नीपोलिटाई (w) · 
सामोगितियाई (w)  · 
बुगिनी (w)  · 
वॉलून (w)  · 
स्कॉटिश गैलिक (w)  · 
अम्हारिक (w)  · 
यिद्दी (w)  · 
बान्युमासन भाषा (w)  · 
माज़न्दारिनी (w)  · 
फ़ैरोई (w)  · 
सिंहला (w)  · 
नाहुआतल (w)  · 
वैनितियाई (w)  · 
याकूत (w)  · 
लिम्बुर्गियाई (w)  · 
ऑसिशियाई (w)  · 
उड़िया (w)  · 
पश्चिमी मारी (w)  · 
संस्कृत (w) ऊपरी सोर्बियाई (w)  · 
टारण्टीनो (w)  · 
कापमपंगन (w)  · 
पूर्वी मारी (w)  · 
दक्षिण अज़रबैजानी (w)  · 
इलोकानो (w)  · 
उत्तरी सामी (w)  · 
माओरी (w)  · 
बिकोल (w)  · 
फ़िजी हिन्दी (w)  · 
इमिलियाई-रोमग्नोल (w)  · 
गन (w)  · 
हक्का (w)  · 
ज़ाज़ाकी (w)  · 
भोजपुरी (w)  · 
गिलाकी (w)  · 
डच निम्न सैक्सन (w)  · 
पश्चिमी फ़्लैमिश सैक्सन (w)  · 
रूसिन सैक्सन (w)  · 
तिब्बती सैक्सन (w)  · 
वोरो सैक्सन (w)  · 
मिंग्रिलियाई (w)  · 
कॉर्सिकाई (w)  · 
सार्डिनियाई (w)  · 
तुर्कमैनी (w)  · 
वैस्पियाई (w)  · 
उत्तरी लूरी (w)  · 
मांक्स (w)  · 
काशुबियाई (w)  · 
ख्मेर (w)  · 
कोमी (w)  · 
सिन्धी (w)  · 
क्राइमियाई टाटर (w)  · 
ज़ीलैण्डी (w)  · 
उत्तरी फ़्रिसियाई (w)  · 
प्राचीन चीनी (w)  · 
सिलीसियाई (w)  · 
वू (w)  · 
असमिया (w)  · 
सैटरलैण्ड फ़्रिसियाई (w)  · 
सोमाली (w)  · 
उदमुर्त  · 
आयमार (w)  · 
कॉर्निश (w)  · 
मिन डॉङ्ग (w)  · 
नॉर्मन (w)  · 
रोमान्श (w)  · 
कोमी-पेर्मायक (w)  · 
लाडिनो (w)  · 
पाश्चात्य भाषा (w)  · 
फ़्रियुलियाई (w)  · 
माल्टी (w)  · 
पिकार्ड (w)  · 
पिकार्ड (w)  · 
लिगुरियाई (w)  · 
निम्न सोर्बियाई (w)  · 
दिवेही (w)  · 
लिंगला (w)  · 
पैन्सिलवेनियाई जर्मन (w) · 
टोंगीयाई (w) विकि-शब्दकोष (एक मुक्त शब्दकोष एवं समानांतर कोष) 
 विकिताबें (मुफ़्त क़िताबें और उपयोगी सामग्री) 
 विकिक्वोट (विभिन्न सुभाषितों का संकलन) 
 विकिस्रोत (मुक्त स्त्रोत सामग्री) 
 कॉमंस (विकिमीडिया प्रकल्प का मीडिया फ़ाइल भंडार) 
 विकिसमाचार (मुक्त समाचार) योगदानकर्ताओं के लिए: 
.हम सभी अंग्रेजी में और अधिक धाराप्रवाह बनने के त्वरित तरीकों की तलाश कर रहे हैं, मुझे पता है कि मुझे पता है कि क्या होता है कि हमारे मस्तिष्क को चक्कर लगाने वाले कुछ शब्द हैं और हमें इस पूरी बातचीत को केवल अद्भुत अद्भुत शांत या महाकाव्य का उपयोग करने की आवश्यकता है ताकि हम कैसे हो कुछ नए नए अंग्रेजी शब्द सीखें जिन्हें आप अपने दैनिक जीवन में उपयोग कर सकते हैं और अपनी शब्दावली मिनटों में बढ़ा सकते हैं। तो आज हम 10 नए स्मार्ट शब्दों को सीखने के लिए जा रहे हैं उनके अर्थ मूल शब्द और उदाहरण वाक्य ताकि हम जा रहे हैं अरे यह सब हो रहा है और आप देख रहे हैं। और इस वीडियो में मैं आपको दैनिक उपयोग के लिए और इस वीडियो के अंत में 10 स्मार्ट शब्द देने जा रहा हूं। मैं भी आपको वास्तव में धाराप्रवाह स्मार्ट शब्द संख्या ध्वनि करने के लिए एक स्मार्ट टिप देने जा रहा हूं। एक दलित दलदल में बह जाने का मतलब है डूबना या बाढ़ आना लेकिन दलदल का इस्तेमाल अक्सर काम के संदर्भ में किया जाता है जैसे कि ' काम के साथ मैं बहुत ज्यादा काम करने के लिए तैयार हूँ, मुझे इस पूरे हफ्ते काम के साथ दलदली होना पड़ा है और मुश्किल से सांस लेने का समय मिला है अब इस शब्द की जड़ को देखते हैं। दलदल आर्द्रभूमि का एक टुकड़ा है और अगर कोई दलदल में गलत जगह पर कदम रखता है तो वे आसानी से डूब सकते हैं और दलदल का क्रिया रूप डूबने का मतलब है कि यहां आप इस शब्द का उपयोग कैसे कर सकते हैं। मान लीजिए कि आपके पास बहुत सारे असाइनमेंट हैं और आपके पास एक परीक्षा आ रही है और आपके मित्र आपके पास आते हैं और वे कहते हैं। अरे, आप हमारे साथ क्यों नहीं घूमते हैं, आप उनसे कह सकते हैं कि मुझे बहुत खेद है, लेकिन मैं काम से बह गया हूं या मैंने कुछ अन्य शब्दों को स्वाहा कर दिया है, जिनका उपयोग आप दलदली के स्थान पर कर सकते हैं, मुझे बहुत अधिक मिला है ऐसा करने के लिए। मेरी प्लेट पर बहुत अधिक है मैं काम में डूब रहा हूं। मैं असाइनमेंट के साथ बहक गया हूँ स्मार्ट शब्द नंबर दो को पकड़ना है -22 अब मुझे यकीन है ' इस शब्द को कैच -22 से पहले सुना है, इसका मतलब एक असंभव स्थिति है जिसमें आप एक काम नहीं कर सकते हैं जब तक कि आपने दूसरे को नहीं किया है और आप दूसरे को नहीं कर सकते क्योंकि आपने पहले नहीं किया है। मैंने आपको भ्रमित किया है ताकि मैं आपको कुछ उदाहरण दे सकूं, जब आपको कार्य अनुभव के बिना नौकरी नहीं मिलती है, तो यह एक स्थिति है। लेकिन आप अनुभव प्राप्त नहीं कर सकते हैं जब तक कि आप एक नौकरी पकड़ने -22 प्राप्त नहीं करते हैं, जोसेफ हेलर द्वारा उसी नाम कैच -22 की अपनी प्रसिद्ध पुस्तक में गढ़ा गया था जब वह कुछ विरोधाभासी नियमों का वर्णन कर रहे थे जो विश्व युद्ध दो के दौरान सैनिकों पर लागू थे। कैच -22 का एक और उदाहरण आपको बैंक ऋण की आवश्यकता है क्योंकि आपके पास पर्याप्त नहीं है। जब तक आप बैंक को यह साबित नहीं कर देते कि आपके पास पर्याप्त पैसा है, तब तक आपको वह बैंक ऋण नहीं मिलेगा, अगली बार जब आप मुश्किल स्थिति में फंसेंगे तो याद रखें। शब्द -22 का उपयोग करने के लिए। और इन प्रशंसात्मक शब्दों को अपने दोस्तों के दूसरे शब्दों से प्राप्त करें जिन्हें आप कैच -22 के स्थान पर उपयोग कर सकते हैं वे विरोधाभास या दुविधा वाले स्मार्ट शब्द हैं। नंबर तीन है सवेव सवेव का अर्थ है विनम्र शांत और परिष्कृत होने के लिए परिष्कृत होना। सुविचारित शब्द सुवे के कई अलग-अलग मूल हैं लेकिन शब्द का एक बहुत ही रोचक मूल है जिसका अर्थ है सुखद या मीठा स्वाद। वह विशेष रूप से महिलाओं या बराक ओबामा के सामने इतनी मार्मिक और सुसाइड करने वाली है कि अब अगली बार किसी पार्टी में जाने पर उसे याद रखना बहुत आसान और पॉलिश है और आप इस व्यक्ति को देखते हैं। सुव्यवस्थित और सुसंस्कृत और परिष्कृत। यह कहना न भूलें कि इस शब्द का उपयोग करने वाले कोने में उस आदमी का अधिकार है, जो तुरंत आपकी शब्दावली का उपयोग करेगा। बहुत suave इसलिए स्मार्ट शब्द संख्या चार पर अत्याचार अत्याचारी शब्द है, अत्याचारी शब्द का अर्थ है, वास्तव में बुरा भयानक भयानक क्रूर, जो आक्रामक अत्याचार को भड़काने वाला लैटिन शब्द है। जिसका अर्थ है कि क्रूर या भयानक शब्द का कुछ उदाहरण है कि अत्याचारी शब्द डेल्ही में हाल ही में हुई बलात्कार की घटनाएं हैं। या कैदियों का इलाज किया जाता है। जेल में कभी-कभी अत्याचारपूर्ण तरीके से कुछ सामान्य गलत कामों के बारे में बात करने के लिए दिन-प्रतिदिन अत्याचार का भी उपयोग किया जाता है और आप इसे अतिरंजित करना चाहते हैं। उदाहरण के लिए उनके टेबल मैनर्स अत्याचारी थे या उनकी पोशाक भावना इतनी अत्याचारी है या उनका व्याकरण अत्याचारी है। तो अगली बार जब आप समाचार पर एक भयावह कार्य के बारे में याद करते हैं। टिप्पणी और कहना है कि यह एक अत्याचारी कृत्य है स्मार्ट शब्द संख्या 5 मूर्ख, मूर्ख, मूर्ख, अद्भुत आश्चर्यजनक है। अब हम अक्सर यहाँ भयानक शब्द का उपयोग करते हैं ' एक और शब्द जो आप उदाहरण के लिए भयानक बेवकूफ़ के स्थान पर उपयोग कर सकते हैं आज मुझे मेरे परीक्षण पर एक शानदार स्कोर मिला जिसका मतलब है कि मुझे एक बहुत ही उच्च स्कोर मिला या। मुझे एक सही-सही अंक मिला है कि शब्द के शब्द का अर्थ है कि शब्द का शास्त्रीय लैटिन मूल जड़ है। स्तब्ध रह जाना इतना मूर्खतापूर्ण है कि किसी चीज का वर्णन करने के लिए प्रयोग किया जाता है जो आश्चर्यजनक रूप से अच्छा होता है उदाहरण के लिए वह उस पोशाक में शानदार दिखती है या इस बालकनी से क्या शानदार दृश्य है या मैं इस मूर्खतापूर्ण पुस्तक को पढ़ रहा हूं कि मैं नीचे नहीं जा सकता कि कैसे जाना है और कहना। आपके मित्र जो छात्रों के लिए यह बेवकूफी भरा चैनल है और कुछ अन्य शब्द जो आप बेवकूफ़ के बजाय इस्तेमाल कर सकते हैं वे अविश्वसनीय शानदार या असाधारण रूप से अच्छे हैं इसलिए इससे पहले कि हम इस वीडियो पर एक टिप्पणी डालने के लिए याद रखें इस वीडियो पर संतुलित पाँच शब्द जारी रखें। मुझे यह बताने के लिए कि इन दस शब्दों में से आपका पसंदीदा स्मार्ट शब्द नंबर छह कौन सा है, एक फ़िक्स में ठीक होने का मतलब है उदाहरण के लिए एक परेशानी की स्थिति में होना, मैं एक तय समय में हूँ क्योंकि मैंने इसके लिए दो अलग-अलग दोस्तों के साथ योजना बनाई है संध्या। मैंने अपना फोन खो दिया है और मैं ठीक कर रहा हूं या हमारी बस आज सुबह टूट गई है और मैं ठीक कर रहा हूं मेरे दोस्त हमेशा मदद के लिए मेरे पास जाते हैं जब वह ठीक होता है और जब वह अच्छा होता है तो वह भूल जाता है। अगली बार जब आप उदाहरण के लिए स्कूल से गणित का होमवर्क प्राप्त करते हैं और यदि आपने अपनी गणित की किताब स्कूल में छोड़ दी है, तो आप अपने दोस्तों को बता सकते हैं कि आप एक वास्तविक फिक्स में हैं, अब आप सोच सकते हैं कि शब्द फिक्स का कुछ करना है कुछ मरम्मत के साथ। लेकिन एक फिक्स में कोई भी परेशानी का मतलब नहीं है एक परेशानी की स्थिति में दूसरे शब्दों का उपयोग करें जिन्हें आप एक फिक्स में उपयोग कर सकते हैं मैं एक सूप में हूं या मैं ' एक गड़बड़ में हूँ या मैं परेशान के एक स्थान पर हूँ या बस मैं एक स्पॉट में हूँ स्मार्ट शब्द संख्या 7 है फ्लुमॉक्स फ्लुमोक्स का मतलब किसी को भ्रमित करना है। इतना है कि वे भूल जाते हैं कि अब क्या करना है उलझन में एक अति प्रयोग शब्द हो जाता है तो इसके बजाय आप उदाहरण के लिए flummox का उपयोग क्यों नहीं करते हैं। लड़का पूरी तरह से दिखता है ।flummoxed जब शिक्षक ने उसे कक्षा में एक सवाल पूछा या कुत्ते को देख शराबी हो गया। दर्पण में अपने स्वयं के प्रतिबिंब या पर्यटक को अलग-अलग रीति-रिवाजों से लाद दिया गया था। अपनी यात्रा के दौरान या एक साक्षात्कार के दौरान उनका सामना हुआ, जब उनसे पूछा गया कि हम आपको क्यों काम पर रखें तो अगली बार जब आप किसी परीक्षा में उदाहरण के लिए किसी भी प्रश्न पर भ्रमित हो जाते हैं, तो वह अगली बार पूरी तरह से झुलस गए। हमेशा कह सकते हैं कि क्योंकि मैं था ' परीक्षा के लिए बहुत अच्छी तरह से तैयार किया गया था I कुछ सवालों के झटके से घिरे हुए थे जिन्हें आप flummoxed के बजाय उपयोग कर सकते हैं वे घबराए हुए हैं या हैरान हो गए हैं स्मार्ट शब्द संख्या आठ का एक प्रकार का संगीत दिया गया है। उदाहरण के लिए बैठक या तारीख कहने का एक बहुत ही फ्रेंच तरीका है, मेरे पास शनिवार को दोपहर के भोजन पर अपने दोस्तों के साथ एक मिलन स्थल है या मैं फिल्मों के लिए मॉल में अपने दोस्तों के साथ मुलाकात करने की योजना बना रहा हूं, फिल्मों के लिए एक संज्ञा या एक क्रिया के रूप में इस्तेमाल किया जा सकता है उदाहरण के लिए। आज शाम को मैं अपने दोस्तों के साथ एक मुलाकात कर रहा हूँ या मैं कल अपने दोस्तों के साथ मिलने जा रहा हूँ। सेना द्वारा सैनिकों के लिए एक बैठक की जगह को इंगित करने के लिए सेना द्वारा एक बैठक स्थान का संकेत देने के लिए इस्तेमाल किया गया था, अब कुछ संक्षिप्त और गुप्त शब्द है, भले ही अब आप किसी भी बैठक के लिए मुलाकात का उपयोग कर सकते हैं। सामान्य तौर पर लेकिन यह जीता ' आधिकारिक मीटिंग के लिए टी बहुत उपयुक्त है, इसलिए यदि आपके पास एक तारीख है, तो आप निश्चित रूप से कह सकते हैं कि एक गूढ़ स्मार्ट शब्द संख्या 9 है, जो कि आपत्तिजनक है, यह एक अपमान है जिसे आप इसका उपयोग तब करेंगे जब आप किसी को गूंगा या अनजाने में कॉल करने का प्रयास कर रहे हों। या मंद-व्यंजित अब आपने सुना है शब्द ज्यामिति obtuse कोण और तीव्र कोण में इसलिए एक obtuse कोण 90 डिग्री से अधिक कोण है, लेकिन 180 डिग्री से कम है। और एक तीव्र कोण यह तीक्ष्ण कोण है जो 90 डिग्री से कम इतना तीव्र है क्योंकि एक शब्द का उपयोग तीखे को व्यक्त करने के लिए किया जाता है और इसलिए मानसिक रूप से भी तेज है और इसलिए कि यह कुंद कुंद करने से इनकार कर रहा है। तो यह भी मन में थोड़ा धीमा होता है इसलिए उदाहरण के साथ अपशब्द भी आदमी होते हैं। ऐसा करने के लिए वह एक फर्जी कॉल करने वाला बच्चा या मोटापे से ग्रस्त बच्चे को अपना पासवर्ड दे देता था। सक्षम नहीं था। परीक्षण पर एक ही सवाल का जवाब देने के लिए या मोटापे से ग्रस्त व्यक्ति को एक कठिन समय था यहां तक ​​कि बुनियादी निर्देशों को समझना अब दैनिक जीवन में आपकी स्थिति में है कि आपका प्रेमी या आपकी प्रेमिका आपसे नाराज है और आपको नहीं पता कि आप ऐसा क्यों कर सकते हैं। उनसे कहें कि शायद मैं अडिग हूं, लेकिन मुझे नहीं पता कि आप इतने परेशान क्यों हैं कि स्मार्ट शब्द संख्या 10 सुस्त सुस्त सुस्त है, धीमे धीमे चलने के लिए धीमी गति से चलने का मतलब है। सामान्य से थोड़ा थका हुआ और कमी महसूस करने के लिए। ऊर्जा उदाहरण में एक भारी दोपहर का भोजन मुझे दोपहर में बहुत सुस्त बना देता है शब्द से जड़ें होती हैं जिसका अर्थ है कि एक धीमा व्यक्ति और एक सुस्त एक जानवर है जो घोंघे के उदाहरणों की तरह वास्तव में बहुत धीरे-धीरे चलता है। इस साल अर्थव्यवस्था बहुत सुस्त रही है या मैच की शुरुआत सुस्त रही। या व्यवसाय इस तिमाही में सुस्त रहा है आप इसे अपने दैनिक जीवन में उपयोग कर सकते हैं यदि आप एक दिन बहुत थक गए हैं तो आप अपनी माँ को बता सकते हैं या आप बता सकते हैं। आपके दोस्त मुझे बहुत सुस्त लग रहे हैं। आज मैं एनर्जी ड्रिंक के साथ दूसरे शब्दों का उपयोग कर सकता हूं जिन्हें आप सुस्त के स्थान पर उपयोग कर सकते हैं, सुस्त हो सकते हैं या मेरे पैरों को खींच सकते हैं, इसलिए वे 10 स्मार्ट शब्द और पहले थे। मैं आपको उस गुप्त टिप को बहुत धाराप्रवाह ध्वनि देने के लिए देता हूं जिसे मैं आपको याद दिलाना चाहता हूं। यदि आप स्मार्ट शब्दों को टेलीफोन कॉल पर उपयोग करने के लिए देख रहे हैं तो मैं एक वीडियो का लिंक डाल रहा हूं। उस के लिए विवरण बॉक्स में नीचे और अब ध्वनि धाराप्रवाह के लिए गुप्त टिप को एक से अधिक स्मार्ट शब्द या वाक्य का उपयोग नहीं करना है जो वे कभी-कभी जानते हैं। हम बहुत उत्साहित हैं क्योंकि हम ' इन स्मार्ट शब्दों की एक पूरी बहुत कुछ सीखा है और हम उनमें से दो तीन चार को एक वाक्य में लिख देते हैं जो स्वाभाविक नहीं लगता है। इसलिए एक समय में सुनिश्चित करें कि आप उच्चारण कर रहे हैं। सही तरीके से शब्द Google पर जाएं और शब्द लिखें और शीर्ष पर दाईं ओर खोज में आपको एक छोटा स्पीकर आइकन दिखाई देगा, उस स्पीकर पर क्लिक करें। और एक या दो बार उच्चारण सुनें। और आप जाने के लिए तैयार हैं और अगर आपको यह वीडियो पसंद आया है तो हमें टिप्पणी के साथ अंगूठा देना न भूलें। मेरे लिए इसके तहत मुझे बता रहा हूँ कि इन 10 शब्दों में से आपका पसंदीदा और क्या है। यदि आपने सदस्यता बटन और घंटी आइकन को पहले से ही दबाया नहीं है और इसे देखना सुखद है। हे दोस्तों इस वीडियो में मेरे चैनल में आपका स्वागत है। मैं आपको शीर्ष 50 अंग्रेजी वाक्यांश देने जा रहा हूं जिन्हें आप अपने रोजमर्रा के जीवन में उपयोग कर सकते हैं। इसलिए यदि आप अपनी यात्रा को शुरू करने वाले हैं। अंग्रेजी बोलने वाले देश के लिए, आप इसका पूरी तरह से उपयोग कर सकते हैं। वाक्यांश यदि आप थोड़ी देर के लिए अंग्रेजी सीख रहे हैं और आप सीखना फिर से शुरू करना चाहते हैं। यह सबसे अच्छा वीडियो है जिसके साथ शुरू करने के लिए चलो अंग्रेजी में 50 वाक्यांशों को उम्मीद के साथ 10 मिनट में जाने दें। वाक्यांश संख्या एक यह पूछने का एक और तरीका है। क्या हाल है?",Hindi
"[151] अन्य विकिपीडिया के बारे में कहते हैं कि कोई भी संपादन कर सकता है जैसे द ऑफिस के एक प्रकरण ""द नेगोशिएशन"", जिसमें पात्र माइकल स्कॉट ने कहा, ""विकिपीडिया एक सबसे अच्छी चीज है"".",Hindi
आगे बढ़ें। ज़रूर जाना। मुझे खत्म करते हैं। एक पल के लिए रुकें। सुझाव। आप क्या कहते हैं कि हम फिल्मों में जाते हैं?,Hindi
"वाक्यांश संख्या दो, जब आपने किसी को कुछ समय के लिए नहीं देखा है, तो आप उसे बताएंगे कि कोई समय नहीं है, तो इसका मतलब है कि आपने इस व्यक्ति को शायद हफ्तों या महीनों में नहीं देखा है जब तक कि वाक्यांश संख्या नहीं देखी जाती है। तीन अगर आप पूछना चाहते हैं कि आप क्या कर रहे हैं। आप पूछते हैं कि आपके जीवन में क्या चल रहा था?",Hindi
"विद्यार्थी आंद्रे सिफोलिली ने तर्क दिया कि विकी सॉफ्टवेयर में भाग लेने की कम लेन देन लागत सहयोगी विकास के लिए एक उत्प्रेरक का काम करती है और यह कि एक ""निर्माणात्मक रचना"" दृष्टिकोण भागीदारी को प्रोत्साहित करता है। 
[89] ओक्स्फोर्ड इंटरनेट संस्थान और हार्वर्ड लॉ स्कूल्स बर्क्मेन सेंटर फॉर इंटरनेट एंड सोसाइटी के जोनाथन जीटरेन ने अपनी 2008 की पुस्तक द फ्यूचर ऑफ़ द इन्टरनेट एंड हाउ टु स्टाप इट में कहा कैसे खुले सहयोग में एक केस अध्ययन के रूप में विकिपीडिया की सफलता ने वेब में नवाचार को बढ़ावा दिया है। 
[90] 2008 में किये गए एक अध्ययन में पाया गया कि विकिपीडिया के उपयोगकर्ता, गैर-विकिपीडिया उपयोगकर्ताओं की तुलना में कम खुले और सहमत होने के कम योग्य थे हालाँकि वे अधिक ईमानदार थे।[91][92] विकिपीडिया सईनपोस्ट अंग्रेजी विकिपीडिया पर समुदाय अखबार है,[93] और इसकी स्थापना विकिमीडिया फाउंडेशन न्यासी मंडल के वर्तमान अध्यक्ष और प्रशासक माइकल स्नो के द्वारा की गयी।[94] यह साइट से ख़बरों और घटनाओं को शामिल करता है और साथ ही सम्बन्धी परियोजनाओं जैसे विकिमीडिया कोमन्स से मुख्य घटनाओं को भी शामिल करता है। 
[95] विकिपीडिया की मेजबानी और वित्तपोषण विकिमीडिया फाउनडेशन के द्वारा किया जाता है, यह एक गैर लाभ संगठन है जो विकिपीडिया से सम्बंधित परियोजनाओं जैसे विकिबुक्स का भी संचालन करता है। 
विकिमीडिया के अध्याय, विकिपीडिया के उपयोगकर्ताओं का स्थानीय सहयोग भी परियोजना की पदोन्नति, विकास और वित्त पोषण में भाग लेता है। विकिपीडिया का संचालन मीडियाविकी पर निर्भर है। यह एक कस्टम-निर्मित, मुफ्त और खुला स्रोत विकी सॉफ़्टवेयर प्लेटफोर्म है, जिसे PHP में लिखा गया है और MySQL डेटाबेस पर बनाया गया है।[96] इस सॉफ्टवेयर में प्रोग्रामिंग विशेषताएं शामिल हैं जैसे मेक्रो लेंग्वेज, वेरिएबल्स, अ ट्रांसक्लुजन सिस्टम फॉर टेम्पलेट्स और URL रीडायरेक्शन.",Hindi
कैसा चल रहा है?,Hindi
कैसे आज रात के खाने के लिए पिज्जा के बारे में?,Hindi
quindi se stai per intraprendere il tuo viaggio.,Italian
mi sono preparata per andare a letto mamma spero davvero che il mio sogno si avveri sai oh narcisa il giorno dopo come narcisa e sua madre erano fuori nel loro giardino un bellissimo.,Italian
facendo richieste.,Italian
temo di non avere idea.,Italian
Ho perso il telefono e sono in difficoltà o il nostro autobus si è rotto stamattina e io sono in difficoltà il mio amico si rivolge sempre a me per chiedere aiuto quando è in difficoltà e quando va bene se ne dimentica.,Italian
"L'apprendimento automatico è collegato, e spesso si sovrappone, alla statistica computazionale, che si occupa dell'elaborazione di predizioni tramite l'uso di computer.",Italian
per dirmi quale di queste dieci parole era la tua parola intelligente preferita numero sei è in una soluzione in una soluzione significa essere in una situazione problematica per esempio ragazzo sono in una situazione perché ho fatto piani con due amici diversi per questo sera.,Italian
"in generale ma ha vinto ' Non è molto appropriato per un incontro ufficiale, quindi se hai un appuntamento forse puoi sicuramente dire che una parola intelligente rendezvous numero 9 è ottuso ottuso ottuso è un insulto che useresti quando stai cercando di chiamare qualcuno stupido o non intelligente.",Italian
devo andare.,Italian
"L'apprendimento automatico viene impiegato in quei campi dell'informatica nei quali progettare e programmare algoritmi espliciti è impraticabile; tra le possibili applicazioni citiamo il filtraggio delle email per evitare spam, l'individuazione di intrusioni in una rete o di intrusi che cercano di violare dati,[6] il riconoscimento ottico dei caratteri[7], i motori di ricerca e la visione artificiale.",Italian
il solito.,Italian
quindi uno alla volta assicurati di pronunciare .la parola nel modo giusto vai su google e digita la parola e nella ricerca in alto vedrai una piccola icona di un altoparlante fare clic su quell'altoparlante.,Italian
"Wikipedia, infatti, è costruita sulla convinzione che la collaborazione tra gli utenti possa nel tempo migliorare le voci, più o meno nello stesso spirito con cui viene sviluppato il software libero.",Italian
"oh, questo è quasi un matto.",Italian
Mi scusi?,Italian
abbi pazienza solo un momento.,Italian
"Se nei primi due anni cresceva alla velocità di poche centinaia o meno di nuove voci al giorno, l'edizione in inglese di Wikipedia raggiunse il traguardo delle 100 000 voci nel gennaio 2003, mentre nel 2004 subì un'esplosione, raddoppiando le dimensioni in un anno (con un aumento da 1 000 a 3 000 voci al giorno).",Italian
"[2] Wikipedia è uno dei dieci siti più visitati al mondo, oscillando nel 2015 tra il sesto e il settimo posto nella classifica mondiale:[13] riceve infatti oltre 374 milioni di visitatori unici al mese (a settembre 2015).",Italian
"e sai la parte migliore è stata quando ero nel mio abito da sposa che era anche d'oro, ovviamente tutti fissavano solo me narcisa, non c'è niente di straordinario in quel sogno.",Italian
Sono così felice che sia stato ragazzi 50 frasi in inglese fammi sapere se è stato utile mettendo mi piace a questo video e commentando di seguito se conosci altre frasi interessanti.,Italian
narcis a casa in carrozza iniziò a riflettere profondamente sulle scelte che aveva fatto quando arrivò a casa.,Italian
"e poi vai avanti e spiega dove sei, ti ho capito bene?",Italian
Mi dispiace.,Italian
"per quanto mi riguarda, questo è il miglior ristorante della città.",Italian
in questo video ti darò 100 frasi comuni e molto utili che puoi usare nella conversazione.,Italian
io' Vado comunque in lavanderia.,Italian
"«L'atteggiamento dell'accademico medio verso il principale strumento di consultazione della nostra epoca, e in particolare dei nostri studenti, conferma conclusioni cui eravamo già arrivati.",Italian
prova a copiare esattamente la mia pronuncia includendo il tono di voce che uso.,Italian
"[6][7][8] Wikipedia prese il via come progetto complementare di Nupedia, un progetto per la creazione di un'enciclopedia libera online le cui voci erano scritte da esperti volontari attraverso un processo formale di revisione.",Italian
è così equilibrato e soave soprattutto di fronte alle signore o Barack Obama è così gentile e raffinato ora ricorda quando sei a una festa la prossima volta e vedi questa persona che è così.,Italian
Il Ragionamento bayesiano fornisce la base per l'apprendimento negli algoritmi che manipolano direttamente le probabilità.,Italian
"Il secondo metodo, più specifico, consiste nel riprodurre l'equivalente di una rete altamente organizzata progettata per imparare solo attività specifiche.",Italian
"L'obiettivo principe dell'apprendimento automatico è che una macchina sia in grado di generalizzare dalla propria esperienza[18], ossia che sia in grado di svolgere ragionamenti induttivi.",Italian
"Le critiche più frequenti riguardano una mancanza di affidabilità, conoscenza e autorevolezza.",Italian
"e loro sono come se volessi comprare la stessa cosa e dico loro che l'hai venduta mi hai venduto non lo comprerei bene, mi hai venduto se non sei interessato alla conversazione.",Italian
oh cara una notte mentre dormiva sua madre sedeva al suo fianco a guardarla.,Italian
pensava di essere troppo grande per fare qualsiasi lavoro che molti pretendenti venissero a chiedere la mano del narciso in matrimonio.,Italian
evitando una domanda.,Italian
"Molti sono gli avanzamenti e le scoperte, provenienti da molti campi della ricerca scientifica, che sono stati pubblicati su Nature, come articoli o lettere: ad esempio, la scoperta dei raggi X, la natura ondulatoria delle particelle, la scoperta dei neutroni, le scoperte sulla fissione nucleare, la struttura a doppia elica del DNA, la prima struttura molecolare di una proteina (la mioglobina), la tettonica a zolle, il buco dell'ozono, la prima clonazione di un mammifero (la pecora Dolly), il sequenziamento del genoma umano.",Italian
"La maggior parte dei paradigmi di hard computing sono metodi ormai consolidati, ma presentano alcuni lati negativi: infatti richiedono sempre un modello analitico preciso e definibile, e spesso un alto tempo di computazione.",Italian
puoi chiedere scusa.,Italian
[21][22] Anche l'Accademia della Crusca si è espressa analogamente in più occasioni.,Italian
è stato un piacere incontrarti dopo.,Italian
a dopo.,Italian
"Nell'ambito dell'informatica, l'apprendimento automatico è una variante alla programmazione tradizionale nella quale in una macchina si predispone l'abilità di apprendere qualcosa dai dati in maniera autonoma, senza istruzioni esplicite[1][2].",Italian
voglio continuare non sono stanco non è quando qualcuno ti chiede se sei sicuro e sei abbastanza sicuro di poter dire che non c'è spazio per quello?,Italian
"Ad esempio, essi sono stati usati per imparare raccolte di norme per il controllo del robot e per ottimizzare la topologia dei parametri di apprendimento per reti neurali artificiali.",Italian
"Se l'ipotesi è meno complessa della funzione, allora il modello manifesta underfitting.",Italian
"Leo Breiman ha distinto due paradigmi statistici di modellazione: modello basato sui dati e modello basato sugli algoritmi[23], dove ""modello basato sugli algoritmi"" indica approssimativamente algoritmi di apprendimento automatico come la foresta casuale.",Italian
narcisa ha cambiato i suoi modi in un primo momento ha lottato ma lentamente e pazientemente ha iniziato a diventare molto più gentile un giorno mellie e terry vennero a incontrare di nuovo marian oh ciao voi due quindi diteci marian.,Italian
"Tali collegamenti, tuttavia, sono proposti al lettore solo come letture supplementari e non come fonti usate dall'autore dell'articolo, e le enhanced perspectives non sono pensate per servire, esse stesse, da materiale di riferimento.",Italian
cosa hai fatto per crescerli prima se tutto sta andando?,Italian
"Come ulteriore esempio una voce intitolata Elia Spallanzani, del tutto inventata, inserita l'8 gennaio 2005 non è stata corretta fino al 19 maggio 2006: nel corso della procedura di cancellazione la voce è stata modificata in modo da chiarire che si trattava di una biografia immaginaria.",Italian
ದಯವಿಟ್ಟು ನನ್ನ ಕ್ಷಮೆಯನ್ನು ಒಪ್ಪಿಕೊಳ್ಳಿ.,Kannada
ದಯವಿಟ್ಟು ನೀವು ಕ್ಷಣ ಕ್ಷಣ ಹಿಡಿದಿಡಬಹುದೇ?,Kannada
ನಾನು ಕೇಳುತ್ತಿರಲಿಲ್ಲ ಏಕೆಂದರೆ ನೀವು ಕಾರ್ಯನಿರತರಾಗಿರಬಹುದು.,Kannada
ಹಾಸಿಗೆಯ ತಾಯಿಗೆ ಸಿದ್ಧವಾಗಿದೆ ನನ್ನ ಕನಸು ನನಸಾಗುತ್ತದೆ ಎಂದು ನಾನು ಭಾವಿಸುತ್ತೇನೆ ನಿಮಗೆ ಮರುದಿನ ಓಹ್ ನಾರ್ಸಿಸಾ ತಿಳಿದಿರುವುದರಿಂದ ನಾರ್ಸಿಸಾ ಮತ್ತು ಅವಳ ತಾಯಿ ತಮ್ಮ ತೋಟದಲ್ಲಿ ಸುಂದರವಾಗಿದ್ದರು.,Kannada
ಈ ಕುರಿತು ನಿಮ್ಮ ಅಭಿಪ್ರಾಯಗಳು ಯಾವುವು?,Kannada
ಒಂದು ಸಣ್ಣ ಹಳ್ಳಿಯಲ್ಲಿ ಒಂದು ಕಾಲದಲ್ಲಿ ಚಿನ್ನದ ಬ್ರೆಡ್ ಅಲ್ಲಿ ಮರಿಯನ್ ಎಂಬ ಮಹಿಳೆ ವಾಸಿಸುತ್ತಿದ್ದಳು.,Kannada
ನಿಮ್ಮ ತಪ್ಪು ಏನು ಬಂದಿದೆಯೆಂದರೆ ಆ ದಿನದಿಂದ ನಿಮಗೆ ಒಳ್ಳೆಯದನ್ನು ನೀಡೋಣ.,Kannada
"ನನ್ನ ತಟ್ಟೆಯಲ್ಲಿ ತುಂಬಾ ಇದೆ, ನಾನು ಕೆಲಸದಲ್ಲಿ ಮುಳುಗುತ್ತಿದ್ದೇನೆ.",Kannada
ನಾನು ನಿಮಗೆ ಆ ರಹಸ್ಯ ಸಲಹೆಯನ್ನು ತುಂಬಾ ನಿರರ್ಗಳವಾಗಿ ಧ್ವನಿಸಲು ನೀಡುತ್ತೇನೆ.,Kannada
ಒಂದು ಕ್ಷಣ ಹಿಡಿದುಕೊಳ್ಳಿ.,Kannada
ಉತ್ತಮ ನಡತೆ ಮತ್ತು ಸುಸಂಸ್ಕೃತ ಮತ್ತು ಅತ್ಯಾಧುನಿಕ.,Kannada
ಗೊಂಬೆ ಮತ್ತು ಅತ್ಯಂತ ಮನೋರಂಜನಾ ಭಾಗವೆಂದರೆ ಅವಳು ತನ್ನನ್ನು ತಾನು ಪ್ರೀತಿಸುತ್ತಿಲ್ಲ.,Kannada
ನಾನು ನಾಳೆ ರಜೆ ತೆಗೆದುಕೊಂಡರೆ ಅದು ಸರಿಯೇ?,Kannada
ನಮಸ್ಕಾರ ಮತ್ತು ಸ್ವಾಗತ.,Kannada
ಜನರಿಗೆ ಧನ್ಯವಾದಗಳು.,Kannada
ಅದು ಅಪ್ರಸ್ತುತವಾಗುತ್ತದೆ.,Kannada
"ಸಭೆ ಅಥವಾ ದಿನಾಂಕವನ್ನು ಹೇಳುವ ಅತ್ಯಂತ ಫ್ರೆಂಚ್ ವಿಧಾನವೆಂದರೆ, ಉದಾಹರಣೆಗೆ ನಾನು ಶನಿವಾರದಂದು lunch ಟದ ಸಮಯದಲ್ಲಿ ನನ್ನ ಸ್ನೇಹಿತರೊಂದಿಗೆ ಸಂಧಿಸುವಿಕೆಯನ್ನು ಹೊಂದಿದ್ದೇನೆ ಅಥವಾ ಸಿನೆಮಾಗಳಿಗಾಗಿ ಮಾಲ್‌ನಲ್ಲಿ ನನ್ನ ಸ್ನೇಹಿತರೊಂದಿಗೆ ಸಂಧಿಸಲು ನಾನು ಯೋಜಿಸುತ್ತಿದ್ದೇನೆ ರೆಂಡೆಜ್ವಸ್ ಚಲನಚಿತ್ರಗಳನ್ನು ನಾಮಪದವಾಗಿ ಅಥವಾ ಕ್ರಿಯಾಪದವಾಗಿ ಬಳಸಬಹುದು ಉದಾಹರಣೆಗೆ.",Kannada
ಒಂದು ಸೆಕೆಂಡಿಗೆ ಸ್ಥಗಿತಗೊಳಿಸಿ.,Kannada
ಅದರ ಬಗ್ಗೆ ಚಿಂತಿಸಬೇಡಿ.,Kannada
"ಯಾವಾಗಲೂ ಹೇಳಬಹುದು ಏಕೆಂದರೆ ನಾನು ಹೊಂದಿಲ್ಲ ' ಪರೀಕ್ಷೆಗೆ ನಾನು ಚೆನ್ನಾಗಿ ಸಿದ್ಧಪಡಿಸಿದ್ದೇನೆ, ಫ್ಲಮ್ಮೋಕ್ಸ್ಡ್ ಬದಲಿಗೆ ನೀವು ಬಳಸಬಹುದಾದ ಇತರ ಪದಗಳು ಗೊಂದಲಕ್ಕೊಳಗಾದವು ಅಥವಾ ಗೊಂದಲಕ್ಕೊಳಗಾದ ಸ್ಮಾರ್ಟ್ ಪದ ಸಂಖ್ಯೆ ಎಂಟು ರೆಂಡೆಜ್ವಸ್ ರೆಂಡೆಜ್ವಸ್ ರೆಂಡೆಜ್ವಸ್ ಆಗಿದೆ.",Kannada
ಹೇ ಹೇಳಲು ಮರೆಯಬೇಡಿ ಈ ಪದವನ್ನು ಬಳಸಿ ಮೂಲೆಯಲ್ಲಿಯೇ ಇರುವ ಆ ವ್ಯಕ್ತಿ ಯಾರು ನಿಮ್ಮ ಶಬ್ದಕೋಶವನ್ನು ತಕ್ಷಣ ಮಾಡುತ್ತದೆ.,Kannada
ಮತ್ತು ನೀವು ಓಹ್ ಹಾಗೆ ಅದನ್ನು ವಿವರಿಸುವ ಅದನ್ನು ವಿವರಿಸುತ್ತದೆ.,Kannada
ಮತ್ತು ನೀವು ಹೇಳುತ್ತಿರುವುದನ್ನು ಮತ್ತು ಪ್ರಶ್ನಾರ್ಥಕ ಚಿಹ್ನೆಯೊಂದಿಗೆ ಇತರ ವ್ಯಕ್ತಿಯು ಹೇಳುತ್ತಿರುವುದನ್ನು ನೀವು ಪಡೆಯಲಿಲ್ಲ.,Kannada
ಇದರರ್ಥ ವ್ಯಕ್ತಿಯನ್ನು ಮತ್ತೊಮ್ಮೆ ಪುನರಾವರ್ತಿಸಲು ಪ್ರೇರೇಪಿಸುತ್ತದೆ?,Kannada
ಇದು ಯೋಗ್ಯವಾಗಿಲ್ಲ ನೀವು ವೈಯಕ್ತಿಕವಾಗಿ ನೀವು ರಾಕ್ ಎಂಬ ಪದಗುಚ್ love ವನ್ನು ಪ್ರೀತಿಸುತ್ತೀರಿ ಅಂದರೆ ನೀವು ಅದ್ಭುತವಾಗಿದ್ದೀರಿ.,Kannada
"ಇಲ್ಲ, ನಾನು ಹಾಗೆ ಯೋಚಿಸುವುದಿಲ್ಲ.",Kannada
ಅಮೆರಿಕನ್ನರು ಬಳಸುವ ಮತ್ತೊಂದು ನುಡಿಗಟ್ಟು ಓಹ್ ಕೆಟ್ಟದು ಮತ್ತು ಅದನ್ನು ವಿವರಿಸುತ್ತದೆ.,Kannada
ಹಿಂಜರಿಯುತ್ತಿದೆ.,Kannada
"ಮತ್ತು ಅದರೊಂದಿಗೆ ಅವಳು ಅವನ ಗಾಡಿಯಲ್ಲಿ ಹತ್ತಿದಳು ಮತ್ತು ತಾಯಿಗೆ ವಿದಾಯ ಹೇಳದೆ ಅವರು ಗಾಡಿಯೊಂದಿಗೆ ಪ್ರಯಾಣಿಸುತ್ತಿದ್ದಾಗ ದೇವದೂತರೊಂದಿಗೆ ಹೊರಟರು, ಇದ್ದಕ್ಕಿದ್ದಂತೆ ಒಂದು ಮಾಂತ್ರಿಕ ಪೋರ್ಟಲ್ಗೆ ಪ್ರವೇಶಿಸಿದರು, ಅದು ಬಿರುಗಾಳಿಯ ಪ್ರದೇಶದ ಮೂಲಕ ಪ್ರಯಾಣಿಸಿತು.",Kannada
ನೀವು ಹೇಳುತ್ತಿದ್ದೀರಿ.,Kannada
ಅದು ಉತ್ತಮವಾಗಿದೆ.,Kannada
ಅವಳ ಏಕೈಕ ಮಗಳು ನಾರ್ಸಿಸಾ ಮರಿಯನ್ ಅತ್ಯಂತ ವಿನಮ್ರ ಮತ್ತು ಸಿಹಿ ನಾರ್ಸಿಸಾ ಆದರೆ ಅವಳು ಜೀವಂತವಾಗಿದ್ದ ಪದಗಳಿಗಿಂತ ಮೀರಿ ಸುಂದರವಾಗಿದ್ದನ್ನು ನೀವು ನೋಡುತ್ತೀರಿ.,Kannada
ಅದು ಒಳ್ಳೆಯ ಪ್ರಶ್ನೆ.,Kannada
"ಇಂದು ನಾನು ಎನರ್ಜಿ ಡ್ರಿಂಕ್‌ನೊಂದಿಗೆ ಮಾಡಬಲ್ಲೆ, ನೀವು ನಿಧಾನಗತಿಯ ಸ್ಥಳದಲ್ಲಿ ಬಳಸಬಹುದಾದ ಇತರ ಪದಗಳು ಆಲಸ್ಯ ಅಥವಾ ನನ್ನ ಪಾದಗಳನ್ನು ಎಳೆಯಬಹುದು ಆದ್ದರಿಂದ ಅವು 10 ಸ್ಮಾರ್ಟ್ ಪದಗಳು ಮತ್ತು ಮೊದಲು.",Kannada
ಯಾರಾದರೂ ತಂಪಾದ ಹಾಸ್ಯವನ್ನು ಹೇಳಿದರೆ ಅದು ಒಳ್ಳೆಯದು ಎಂದು ನೀವು ಹೇಳಬಹುದು.,Kannada
ಶಿಕ್ಷಕನು ತರಗತಿಯಲ್ಲಿ ಒಂದು ಪ್ರಶ್ನೆಯನ್ನು ಕೇಳಿದಾಗ ಅಥವಾ ನಾಯಿ ಫ್ಲಮ್ಮಾಕ್ಸ್ ಆಗಿ ನೋಡುತ್ತಿದ್ದಾಗ ಫ್ಲಮ್ಮಾಕ್ಸ್ ಕನ್ನಡಿಯಲ್ಲಿ ತನ್ನದೇ ಆದ ಪ್ರತಿಬಿಂಬದಲ್ಲಿ ಅಥವಾ ಪ್ರವಾಸಿಗನು ವಿಭಿನ್ನ ಪದ್ಧತಿಗಳಿಂದ ಫ್ಲಮ್ಮಾಕ್ಸ್ ಮಾಡಲ್ಪಟ್ಟನು.,Kannada
ಅವನು ಓಹ್ ಮತ್ತು ಕೊನೆಯ ನಿಲುಗಡೆ ಸೀನುವಾಗ ನಾನು ಇನ್ನು ಮುಂದೆ ಕೇಳಲು ಬಯಸುವುದಿಲ್ಲ ನಾನು ನೋಡಬಹುದಾದ ಎಲ್ಲವು ಆ ಪುರುಷರು ನಿಜವಾಗಿಯೂ ಒಳ್ಳೆಯವರಾಗಿದ್ದರು ನನ್ನ ಪ್ರಿಯ ನೀವು ಆ ಸೌಂದರ್ಯವನ್ನು ತಿಳಿದಿರಬೇಕು.,Kannada
"ಅವನು ತುಂಬಾ ಪೋಯ್ಸ್ಡ್ ಮತ್ತು ವಿಶೇಷವಾಗಿ ಹೆಂಗಸರ ಮುಂದೆ ಅಥವಾ ಬರಾಕ್ ಒಬಾಮಾ ತುಂಬಾ ಮೃದುವಾದ ಮತ್ತು ಹೊಳಪುಳ್ಳವನಾಗಿದ್ದಾನೆ, ನೀವು ಮುಂದಿನ ಬಾರಿ ಪಾರ್ಟಿಯಲ್ಲಿರುವಾಗ ನೆನಪಿಡಿ ಮತ್ತು ನೀವು ಈ ವ್ಯಕ್ತಿಯನ್ನು ನೋಡುತ್ತೀರಿ.",Kannada
ಮತ್ತು ಅವರು ನನ್ನನ್ನು ಮದುವೆಯಾಗಲು ಬಯಸಿದ್ದರು ಅವರು ಚಿನ್ನದ ಗಾಡಿಯಲ್ಲಿ ಬಂದಿದ್ದರು ಮತ್ತು ಅವರು ಮೇಲಿನಿಂದ ಕೆಳಕ್ಕೆ ಮತ್ತು ಚಿನ್ನವನ್ನು ಧರಿಸಿದ್ದರು ಮತ್ತು ಏನು ಸಿಲ್ಲಿ ಕನಸು.,Kannada
ನೀವು ನಿಜವಾಗಿಯೂ ಉತ್ತರಿಸಬಹುದು ಎಲ್ಲವೂ ನಿಜವಾಗಿಯೂ ತಂಪಾಗಿದೆ ಎಂದು ದೂರು ನೀಡಲು ಸಾಧ್ಯವಿಲ್ಲ.,Kannada
"ಬೇರೇನಾದರೂ ಆದರೆ ನಾನು ತಿನ್ನಬಹುದಾದ ಸಾಮಾನ್ಯ ಬ್ರೆಡ್ ಬ್ರೆಡ್ ನಿಮಗೆ ಬೇಕಾಗಿಲ್ಲ, ಆದ್ದರಿಂದ ನನ್ನ ಸೈರ್ ಶೆಲ್ನ ಹೆಂಡತಿಯಾಗಿರಬೇಕು ಅದು ಶೀತವಾಗಿದೆ ನೀವು ಎಲ್ಲಾ ಆಹಾರವನ್ನು ನೋಡಿದ ಅತ್ಯುತ್ತಮ ನಾರ್ಸಿಸ್ ಅನ್ನು ಮಾತ್ರ ತಿನ್ನಬೇಕು.",Kannada
"ಆಶ್ಚರ್ಯಚಕಿತರಾಗಲು ಆಶ್ಚರ್ಯಕರವಾಗಿ ಉತ್ತಮವಾದದ್ದನ್ನು ವಿವರಿಸಲು ಬಳಸಲಾಗುತ್ತದೆ, ಉದಾಹರಣೆಗೆ ಅವಳು ಆ ಉಡುಪಿನಲ್ಲಿ ಅದ್ಭುತವಾಗಿ ಕಾಣಿಸುತ್ತಾಳೆ ಅಥವಾ ಈ ಬಾಲ್ಕನಿಯಲ್ಲಿ ಯಾವ ಅದ್ಭುತ ನೋಟ ಅಥವಾ ನಾನು ಈ ಅದ್ಭುತ ಪುಸ್ತಕವನ್ನು ಓದುತ್ತಿದ್ದೇನೆ, ಅದು ಹೇಗೆ ಹೋಗುತ್ತದೆ ಮತ್ತು ಕೆಳಗೆ ಹೋಗುವುದಿಲ್ಲ ಹೇಳಿ.",Kannada
ನಾನು ಸಹಾಯ ಮಾಡಲು ಸಂತೋಷಪಡುತ್ತೇನೆ.,Kannada
ನಿಮ್ಮ ಬಗ್ಗೆ ಹೇಗೆ?,Kannada
ನನಗೆ ಸಾಧ್ಯವಿಲ್ಲ ಎಂದು ನಾನು ಹೆದರುತ್ತೇನೆ.,Kannada
ನಾನು ಒಂದು ಕ್ಷಣ ಯೋಚಿಸೋಣ.,Kannada
"ನೀವು ಅಲಂಕಾರಿಕ ವಿಷಯಗಳನ್ನು ಇಷ್ಟಪಟ್ಟಿದ್ದೀರಿ ಎಂದು ನಾನು ಭಾವಿಸಿದ್ದೇನೆ, ನಾನು ನಿನ್ನನ್ನು ಮದುವೆಯಾಗಲು ಬಯಸುವುದಿಲ್ಲ ನಾನು ಮನೆಗೆ ಹೋಗಬೇಕು.",Kannada
ನೀವು ಮಾಡಲಿಲ್ಲ ಎಂದು ನಾನು ಬಯಸುತ್ತೇನೆ.,Kannada
ನಾನು ನಿಮಗೆ ಮನೆಗೆ ಸವಾರಿ ನೀಡಲು ಬಯಸುತ್ತೀರಾ?,Kannada
"ಹೌದು, ದಯವಿಟ್ಟು ಖಚಿತಪಡಿಸಿಕೊಳ್ಳಿ, ಮುಂದುವರಿಯಿರಿ.",Kannada
"ದೀರ್ಘಕಾಲದವರೆಗೆ, ನೋಡುವುದಿಲ್ಲ.",Kannada
"ನೀವು ಈ ವೀಡಿಯೊವನ್ನು ನೋಡುವಾಗ ಇದು ಯಾವ ದಿನ ಎಂದು ನನಗೆ ತಿಳಿದಿಲ್ಲ, ಆದರೆ ಇದು ವಾರಾಂತ್ಯದಲ್ಲಿ ಶುಕ್ರವಾರವಾಗಿದ್ದರೆ.",Kannada
"ನೀವು ಸ್ವಲ್ಪ ನಿಧಾನವಾಗಿ ಮಾತನಾಡಬಲ್ಲಿರಾ, ದಯವಿಟ್ಟು?",Kannada
സ്വയംചലിത യന്ത്രപഠനത്തിലാകട്ടെ ഇൻപുട്ടുകൾ മാത്രം ഉപയോഗിച്ചുകൊണ്ട് ഭാവിയിലെ ഔട്പുട്ട് മൂല്യം അല്ലെങ്കിൽ ഇൻപുട്ട് ഔട്പുട്ട് ബന്ധത്തെക്കുറിച്ച് അറിയാൻ സാധിക്കുന്നു.,Malayalam
"ഇന്റർനെറ്റിലും മറ്റും ലഭ്യമായ, ദിവസേന വർദ്ധച്ചുകൊണ്ടിരിക്കുന്ന ഡാറ്റയാണ് ഒരർത്ഥത്തിൽ യന്ത്രപഠനം സാധ്യമാക്കുന്നത്.",Malayalam
ഉദാഹരണത്തിന് മാതൃ ഒരു രേഖീയസമവാക്യമായിരിക്കണോ (Linear Equation) അതോ ബഹുപദമായിരിക്കണോ (Polynomial) എന്ന് തീരുമാനിക്കപ്പെടുന്നു.,Malayalam
ലഭ്യമായ വിവരങ്ങളിലൂടെ ഗണിത സമവാക്യത്തിലെ ഗുണാങ്കങ്ങളുടെ പറ്റുന്നതിൽ ഏറ്റവും മെച്ചപ്പെട്ട വിലകൾ കണ്ടെത്തുന്ന ഘട്ടമാണിത്.,Malayalam
"എല്ലാ ലേഖകരും, എല്ലാ വിവരസ്രോതസ്സുകളും വസ്തുതകളോട് പക്ഷപാതിത്വം ഉള്ളവരായിരിക്കും അതുകൊണ്ടുതന്നെ വലിയൊരു ലേഖകസംഘം തങ്ങളുടെ കാഴ്ചപ്പാടുകൾ സ്രോതസ്സുകളുടെ പിൻബലത്തോടെ ഒരു ലേഖനത്തിൽ അവതരിപ്പിക്കുമ്പോൾ ലേഖനത്തിന് സ്വതന്ത്രമായ ഒരു നിഷ്പക്ഷത ലഭിക്കേണ്ടതാണ്.",Malayalam
"വിക്കിപീഡിയയാണ് ഇന്നുള്ള ഏറ്റവും വലിയ വിക്കി[11]
[12].",Malayalam
"നേറ്റീവ് സ്പീക്കറുകൾ ഉപയോഗിക്കുന്ന നിങ്ങൾക്ക് നല്ലതാണെന്ന മറ്റൊരു വാചകം ഞാൻ വിശദീകരിച്ചു, എനിക്ക് സ്ഥാനക്കയറ്റം ലഭിച്ചുവെന്ന് നിങ്ങൾ പറയുമ്പോൾ ഇത് പോസിറ്റീവും നെഗറ്റീവും ആകാം, അവർ നിങ്ങൾക്ക് നല്ലത് പറഞ്ഞാൽ അഭിനന്ദനങ്ങൾ ഇഷ്ടപ്പെടുകയും ചിലപ്പോൾ ഞാൻ ഈ സ്ഥലം വിടുകയാണെന്ന് നിങ്ങൾ പറയുകയും ചെയ്യുന്നു.",Malayalam
"ഓ അമ്മേ, ഞാൻ നിന്നെ വളരെയധികം സ്നേഹിക്കുന്നു, നിങ്ങൾ ശരിയായ രൂപവും സമ്പത്തും എല്ലാം സ്വർണ്ണ റൊട്ടി ഉപയോഗശൂന്യമായിരുന്നു, എനിക്ക് അത് കഴിക്കാൻ കഴിയാത്തതിനാൽ മനുഷ്യനും.",Malayalam
[അവലംബം ആവശ്യമാണ്] അനേകം എഴുത്തുകാരുടേയും വായനക്കാരുടേയും സഹകരണത്തോടെ സൃഷ്ടിക്കപ്പെട്ടിരിക്കുന്ന ഒരു സ്വതന്ത്ര ഓൺ‌ലൈൻ വിജ്ഞാനകോശമാണ് വിക്കിപീഡിയ.,Malayalam
നിങ്ങൾ തെറ്റിദ്ധരിച്ചതായി ഞാൻ കരുതുന്നു.,Malayalam
"തീർച്ചയായും, നിങ്ങളുടെ മനസ്സിൽ എന്താണ് ഉള്ളത്?",Malayalam
പദ്ധതികൾ തയ്യാറാക്കികൊണ്ടിരിക്കുന്നു.,Malayalam
"ആരെങ്കിലും തെറ്റ് ചെയ്തിട്ടുണ്ടെങ്കിൽ മുൻകൂട്ടി നന്ദി, അവൻ അതിൽ അസ്വസ്ഥനാണ്.",Malayalam
എന്നെ അടിക്കുന്നു.,Malayalam
"അമേരിക്കക്കാർ ഉപയോഗിക്കുന്ന മറ്റൊരു വാചകം ഓ മോശമാണ്, അത് വിശദീകരിക്കുന്നു.",Malayalam
എനിക്ക് അതിനെക്കുറിച്ച് ഉറപ്പില്ല.,Malayalam
"രണ്ട് സുഹൃത്തുക്കൾ നാർസിസസ് അമ്മയെ കാണാൻ വന്നു, അവർ മെല്ലിയും ടെറിയും മൂന്നുപേരും കാലങ്ങളായി സുഹൃത്തുക്കളായിരുന്നു, പക്ഷേ ടെറിയും എല്ലിക്കും ഇരുവർക്കും ഒരു രഹസ്യമുണ്ടായിരുന്നു.",Malayalam
നാളത്തേക്ക് എന്തെങ്കിലും പദ്ധതികൾ ലഭിച്ചോ?,Malayalam
ചുവടുവപ്പ് യന്ത്രപഠനം കൃത്രിമ ബുദ്ധിയുടെ ഒരു പ്രമുഖ വശമാണ്.,Malayalam
ഒന്നോ രണ്ടോ തവണ ഉച്ചാരണം കേൾക്കുക.,Malayalam
"അവളുടെ ഏക മകളായ നാർസിസ മരിയൻ വളരെ വിനീതവും മധുരമുള്ളതുമായ നാർസിസ ആയിരുന്നു, എന്നിരുന്നാലും അവൾ ഒരു ജീവനുള്ളവളായിരുന്നുവെന്ന് വാക്കുകൾക്കപ്പുറത്ത് സുന്ദരിയാണെന്ന് നിങ്ങൾ കാണുന്നു.",Malayalam
നിങ്ങൾക്ക് ധാരാളം അസൈൻമെന്റുകൾ ഉണ്ടെന്നും നിങ്ങൾക്ക് ഒരു പരീക്ഷണം വരുന്നുണ്ടെന്നും നിങ്ങളുടെ സുഹൃത്തുക്കൾ നിങ്ങളുടെ അടുത്തേക്ക് വരുമെന്നും അവർ പറയുന്നു.,Malayalam
യന്ത്രപഠനത്തെ ആസ്പദമാക്കി പ്രവർത്തിക്കുന്ന ധാരാളം മേഖലകളുണ്ട്.,Malayalam
അതായത് എഴുതപ്പെടുന്ന കാര്യങ്ങൾക്ക് വ്യക്തമായ തെളിവുകളുണ്ടാകണം.,Malayalam
"ഇന്ന് എനിക്ക് എനർജി ഡ്രിങ്ക് ഉപയോഗിച്ച് ചെയ്യാൻ കഴിയും, മന്ദഗതിയിലുള്ള സ്ഥലത്ത് നിങ്ങൾക്ക് ഉപയോഗിക്കാൻ കഴിയുന്ന മറ്റ് വാക്കുകൾ അലസമോ എന്റെ കാലുകൾ വലിച്ചിടുന്നതോ ആകാം, അതിനാൽ അവ 10 മികച്ച വാക്കുകളും അതിനുമുമ്പും ആയിരുന്നു.",Malayalam
വിക്കിപീഡിയയിൽ പ്രശ്നങ്ങളൊന്നും ഇല്ലെന്നല്ല.,Malayalam
ഇങ്ങനെ വരുമ്പൊൾ വിക്കിപീഡിയയുടെ കാര്യ നിർവ്വാഹകർ ലേഖനത്തിന്റെ നിഷ്പക്ഷത സംരക്ഷിക്കാൻ ശ്രമിക്കുന്നു.,Malayalam
അതൊരു നല്ല ചോദ്യമാണ്.,Malayalam
ദയവായി എന്റെ ക്ഷമാപണം സ്വീകരിക്കുക.,Malayalam
ഇന്ന് രാത്രി നിങ്ങൾ എന്താണ് ചെയ്യുന്നത്?,Malayalam
ഒരു വായനക്കാരന്റെ ശ്രദ്ധയിൽ ആദ്യം പെടുന്ന ലേഖനം ആയതുകൊണ്ട് ഈ ലേഖനങ്ങളുടെ ഗുണനിലവാരം ഉറപ്പുവരുത്തുവാൻ വിക്കിപീഡിയയിലെ ലേഖകർ പ്രത്യേകം ശ്രദ്ധപുലർത്തുന്നു.,Malayalam
കാരണം ഞങ്ങൾ വളരെ ആവേശത്തിലാണ്.,Malayalam
ഞാൻ നിങ്ങളോട് 100% യോജിക്കുന്നു.,Malayalam
നിങ്ങളുടെ ദൈനംദിന ജീവിതത്തിൽ ഉപയോഗിക്കാൻ കഴിയുന്ന മികച്ച 50 ഇംഗ്ലീഷ് ശൈലികൾ ഞാൻ നിങ്ങൾക്ക് നൽകും.,Malayalam
ബുഷ്.,Malayalam
"കഴിഞ്ഞ രാത്രി നന്നായി അമ്മ ഇത് ഒരു അത്ഭുതകരമായ സ്വപ്നമായിരുന്നു, എന്റെ അടുത്ത് വന്ന ഈ രാജകുമാരൻ ഉണ്ടായിരുന്നുവെന്ന് നിങ്ങൾക്കറിയാം.",Malayalam
ക്യാച്ച് -22 എന്ന പദം ഉപയോഗിക്കാൻ.,Malayalam
നാല്പത്തഞ്ച് ലക്ഷത്തിനടുത്ത് ലേഖനങ്ങളുള്ള വിക്കിപീഡിയയുടെ ഇംഗ്ലീഷ് പതിപ്പാണ് ഈ സംരംഭത്തിന്റെ പതാകവാഹക‍.,Malayalam
നിർദ്ദേശങ്ങൾ.,Malayalam
ലേഖനത്തെ തിരുത്തൽ യുദ്ധത്തിൽ നിന്നും സംരക്ഷിക്കേണ്ട ചുമതലയും പലപ്പോഴും ഇവർക്കാണ്.,Malayalam
എനിക്ക് കഴിയില്ലെന്ന് ഞാൻ ഭയപ്പെടുന്നു.,Malayalam
വിവരത്തെ പല വിഭാഗങ്ങളായ് വേർതിരിക്കുന്നത് ഈ തത്ത്വം പ്രയോഗിച്ചുകൊണ്ടാണ്.,Malayalam
ഇല്ല ഒരിക്കലും ഇല്ല.,Malayalam
നഷ്ടം (Loss) പരമാവധി കുറഞ്ഞ ഗുണാങ്ക വിലകൾ വേണം കണ്ടെത്താൻ.,Malayalam
ഒരു കർഷകൻ കൃഷിയെപറ്റിയുള്ള അനേകം നാട്ടറിവുകൾ പങ്കുവയ്ക്കുന്നു... അങ്ങനെ അങ്ങനെ അനേകം ചെറുതുള്ളികൾ ചേർന്നൊരു പെരുമഴയാവുകയാണ്.,Malayalam
അത് പരാമർശിക്കരുത്.,Malayalam
ഞാൻ ഇവിടെ ചാടിയാൽ നിങ്ങൾക്ക് പ്രശ്നമുണ്ടോ?,Malayalam
ഞാൻ എന്നെ മറയ്ക്കാൻ കഴിയുമോ?,Malayalam
പല ഉപയോക്താക്കളും ലോഗിൻ ചെയ്യാതെ തിരുത്തലുകൾ നടത്തുവാൻ ഇഷ്ടപ്പെടുന്നു.,Malayalam
വിക്കിപീഡിയയിൽ രജിസ്റ്റർ ചെയ്യുന്നതിലൂടെയാണ് വിക്കിപീഡിയരുടെ എണ്ണം കണക്കാക്കുന്നത്.,Malayalam
പല ഇംഗ്ലീഷ് പദങ്ങൾക്കും തുല്യമായ മലയാളം പദമില്ലാത്തതിനാൽ ചിലർ അവിടെ അതേ പദം തന്നെ മലയാളം ലിപിയിൽ ഉപയോഗിക്കുന്നു.,Malayalam
ഇന്ന് രാത്രി അത്താഴത്തിന് പിസ്സ കഴിക്കുന്നതിനെക്കുറിച്ച്?,Malayalam
"നാർസിസ ആദ്യം പാടുപെട്ട വഴികൾ മാറ്റി, പക്ഷേ പതുക്കെ ക്ഷമയോടെ അവൾ ഒരുപാട് സുന്ദരിയാകാൻ തുടങ്ങി ഒരു ദിവസം മെല്ലിയും ടെറിയും മരിയനെ വീണ്ടും കാണാൻ വന്നു ഓ ഹലോ നിങ്ങൾ രണ്ടുപേരും അതിനാൽ മരിയൻ ഞങ്ങളോട് പറയുക.",Malayalam
"Graças à colaboração de voluntários, não raro consultores e editores wiki mesclam-se numa só pessoa.",Portugeese
"A interface do usuário e parte do conteúdo do ""Projeto Domesday"" foram emulados em um site até 2008.",Portugeese
você saberia onde fica a biblioteca?,Portugeese
"A maioria dos artigos são escritos sobre a América do Norte, Europa e Ásia Oriental, com muito pouca cobertura de grandes partes do mundo em desenvolvimento, incluindo a maior parte da África.",Portugeese
é você sabe.,Portugeese
"[201][202][203] O Wikipedia Watch criticou o site em 2006, quando listou dezenas de exemplos de plágio cometidos pelos editores da Wikipédia em inglês.",Portugeese
"O frequente crítico da Wikipédia, Andrew Orlowski, comentou: ""Mesmo quando uma página na Wikipédia é 100 por cento correta factualmente, e esses fatos são cuidadosamente escolhidos, muitas vezes o resultado parece como se tivesse sido traduzido de uma língua para outra, em seguida para uma terceira, em todos os estágios passando pelas mãos de tradutores incompetentes.",Portugeese
"eles são bons para você, seria melhor sem você e este é um significado negativo, então realmente ouça a entonação.",Portugeese
se alguém está chorando e não quer.,Portugeese
"Novos projetos inspirados na Wikipédia — como o Citizendium, Scholarpedia, Conservapedia e o Knol, da Google, onde os artigos são um pouco mais ensaísticos[40] — foram iniciados para tratar de limitações de percepção da Wikipédia, como suas políticas sobre revisão por pares, pesquisa original e publicidade comercial.",Portugeese
"[32] A política do ""ponto de vista neutro"" da Wikipédia""[nota 3] foi codificada em seus meses iniciais e era semelhante à política anterior da Nupedia de ""não-parcialidade"".",Portugeese
"[68][69] A utilização de arquivos de mídia (por exemplo, arquivos de imagem) varia entre as várias edições em diferentes idiomas.",Portugeese
"oh, isso é quase louco.",Portugeese
na caixa de descrição para isso e agora a dica secreta A dica secreta para soar fluente é não usar mais do que uma palavra ou frase inteligente que às vezes conheço.,Portugeese
Eu não estava ouvindo porque talvez você estivesse ocupado.,Portugeese
a economia tem estado muito lenta este ano ou o jogo acelerou após um início lento.,Portugeese
"A Wikipédia em inglês passou a marca dos dois milhões de artigos em 9 de setembro de 2007, tornando-a a maior enciclopédia já construída, superando até mesmo a Enciclopédia Yung-lo Ta-tien (1407), que detinha esse recorde desde há exatamente 600 anos.",Portugeese
"Ele disse que a falta de tal liberdade força a Wikipédia, ""o sétimo site mais consultado"", a proibir todas as imagens de edifícios modernos italianos e de obras de arte e que isso era extremamente prejudicial para as receitas turísticas.",Portugeese
"Arquivos de mídia cobertos por licenças de conteúdo livre (por exemplo, CC-BY-SA) são compartilhados entre as diferentes edições da Wikipédia através do repositório Wikimedia Commons, um projeto também operado pela Fundação Wikimedia.",Portugeese
"[34] Em 10 de janeiro de 2001, Larry Sanger propôs na lista de discussão da Nupedia a criação de um wiki como um projeto ""alimentador"" para a Nupedia.",Portugeese
"[216] Em janeiro de 2006 um tribunal alemão ordenou o fechamento da Wikipédia em alemão na Alemanha por ter publicado o nome completo do Boris Floricic, também conhecido como ""Tron"", um hacker que era antigamente membro do Chaos Computer Club.",Portugeese
"prepare-se para a cama mãe, eu realmente espero que meu sonho se torne realidade, você sabe, oh narcisa no dia seguinte como narcisa e sua mãe estavam fora em seu jardim lindo.",Portugeese
Possíveis explicações para esse fenômeno são que tais usuários só se inscrevem para uma única finalidade ou são assustados por suas experiências.,Portugeese
"mas estava com o coração partido por tudo que era intragável, ela logo começou a chorar eu não quero isso, mas a comida é muito boa.",Portugeese
não muito.,Portugeese
"[107] Em janeiro de 2020 havia 277 versões ativas da Wikipédia em diferentes idiomas, das quais 16 possuíam mais de um milhão de artigos e 43 tinham mais de 200 000 artigos.",Portugeese
você pode pedir desculpas.,Portugeese
"[149] A Wikipédia atualmente roda em clusters de servidores dedicados Linux (principalmente Ubuntu),[150][151] com algumas máquinas OpenSolaris com sistemas de arquivos ZFS.",Portugeese
[91] A Wikipédia não exige que seus usuários forneçam a sua identificação.,Portugeese
"[167][168] O website do Parlamento do Canadá refere-se ao artigo da Wikipédia sobre casamento homossexual no ""links relacionados"" de sua lista de ""leitura adicional"" do ""Civil Marriage Act"".",Portugeese
o pão de ouro era uma vez em uma pequena aldeia onde vivia uma mulher chamada marion.,Portugeese
Como você sabe?.,Portugeese
Eu amo você me vendeu porque às vezes as pessoas descrevem sua viagem ou alguém que compraram e descrevem muito bem.,Portugeese
"[182] Em um episódio de 30 Rock, Pete e Frank adicionam informações sem sentido para a página Janis Joplin da Wikipédia depois de Jenna dizer que ela deveria procurá-la para saber mais sobre ela, pois, uma vez que a Wikipédia poderia ser editada por qualquer pessoa, foi a pesquisa mais informativa, pois eles descobrem mais a cada dia.",Portugeese
"A preferência do projeto pelo consenso sobre credenciais foi rotulada como ""anti-elitismo"".",Portugeese
"Wales realizou um estudo onde constatou que mais de 50% de todas as edições são feitas por apenas 0,7% dos usuários (ou seja, 524 pessoas em 2006, ano da pesquisa).",Portugeese
"essa é uma ótima piada, então a frase é boa.",Portugeese
"Estas diferenças podem levar a alguns conflitos sobre diferenças de grafia (por exemplo trem ou comboio, goleiro ou guarda-redes) ou pontos de vista.",Portugeese
"No mesmo artigo Jenny Fry (um pesquisador do Oxford Internet Institute) comentou sobre acadêmicos que citam a Wikipédia, dizendo que: ""Você não pode dizer que as crianças são intelectualmente preguiçosas porque elas estão usando a Internet, quando os acadêmicos estão usando os motores de busca em suas pesquisas.",Portugeese
Os fatores consistência e qualidade são constantemente monitorados por wikipedistas mais ativos.,Portugeese
"A nova ferramenta virtual indica que usuários de computadores da Agência Central de Inteligência (CIA), do Federal Bureau of Investigation (FBI), do Vaticano, do Partido Trabalhista do Reino Unido, das Organização das Nações Unidas, da Dell Computers, do Walmart, da Microsoft e da Apple,[122] dentre muitos outros, são responsáveis por edições nos textos do site Wikipédia.",Portugeese
"[190] A Wikipédia também foi indicada para ""Melhores Práticas"" do Webby.",Portugeese
"[213] O porta-voz da Wikimedia Foundation, Jay Walsh, disse que a Wikipédia não possui ""material que consideremos ilegal.",Portugeese
"Estou tão feliz que tenham sido 50 frases em inglês, me digam se isso foi útil, curtindo este vídeo e comentando abaixo se vocês souberem de mais alguma frase legal.",Portugeese
é como se não importasse.,Portugeese
"tem ela, eu acho que ela não iria querer mais pão de ouro agora hein, você sabe.",Portugeese
"Olá pessoal, sejam bem vindos ao meu canal neste vídeo.",Portugeese
"O conteúdo da Wikipédia é publicado fora do site Wikipédia em muitas formas, tanto online como offline.",Portugeese
"e você está pronto para ir e se você gostou deste vídeo, não se esqueça de nos dar um polegar para cima com um comentário.",Portugeese
Burocratas e verificadores são dois outros cargos que podem ser atribuídos a editores.,Portugeese
"Nenhum artigo ou o seu conteúdo é propriedade do seu criador ou de qualquer outro editor, ou é avaliado por qualquer autoridade reconhecida; ao contrário, os conteúdos são acordados por consenso.",Portugeese
"Preocupações têm sido levantadas quanto à falta de responsabilidade que resulta do anonimato dos usuários,[132] a inserção de informações falsas,[133] vandalismos e problemas semelhantes.",Portugeese
cuidar.,Portugeese
"К концу 2002 года она достигла 26 языковых разделов, 46 к концу 2003 года и 161 к последним дням 2004 года[38].",Russian
"не волнуйтесь, не беспокойтесь, а это значит, не беспокойтесь об этом.",Russian
"В октябре 2007 года статья Reuters, озаглавленная «Страница Википедии — последний символ статуса», сообщила о том, как наличие статьи в Википедии подтверждает статус знаменитости[129].",Russian
"я не уверен, что согласен.",Russian
"я облажался, я облажался, если ты хочешь, чтобы кто-то работал вместо меня, ты можешь сказать.",Russian
"Википедия была также использована в качестве источника в журналистике[118], иногда без указания авторства, а также несколько журналистов были уволены за плагиат из Википедии[119][120][121].",Russian
"вы можете сделать это, если у кого-то все хорошо, вы можете сказать им, продолжайте в том же духе, продолжайте в том же духе, например, будьте такими же хорошими, как вы, и продолжайте в том же духе, продолжайте быть еще одна фраза разговорная, и это то, что американцы сказать.",Russian
"Ты можешь прикрыть меня, как ты можешь работать вместо меня, пока я?",Russian
"Википедия работала на одном сервере до 2004 года, когда настройка сервера была расширена в распределённую многоуровневую архитектуру.",Russian
"было бы хорошо, если бы я взял выходной завтра?",Russian
Это хороший вопрос.,Russian
Обработка мультимедийных файлов (например файлов изображений) различна в разных языковых версиях.,Russian
"скажите им, может быть, я тупой, но я не знаю, почему вы так расстроены, умное слово номер 10 - вялый, вялый, вялый означает двигаться медленно, чтобы двигаться в более медленном темпе.",Russian
"Итак, сегодня мы собираемся выучить 10 новых умных слов, их значения, корневые слова и примеры предложений, так что давайте приступим, привет всем, и вы смотрите.",Russian
"В рамках статьи Википедии все мнения и точки зрения должны иметь соответствующую долю освещения по данному вопросу, если они имеют свои подтверждения во внешних источниках[27].",Russian
"Переводные статьи представляют лишь небольшую долю статей в большинстве разделов, в частности потому, что автоматизированный перевод статей не разрешён[65].",Russian
"или тупоумный теперь вы слышали слово «тупой» в геометрии тупой угол и острый угол, поэтому тупой угол - это угол больше 90 градусов, но меньше 180 градусов.",Russian
Эти особенности приводят к большому разнообразию методов машинного обучения.,Russian
Она содержит более 40 миллионов[1] статей.,Russian
"Неважно, я думаю, со временем она вырастет, чтобы научиться, давай поговорим о другом.",Russian
"Другие могут опираться на утверждение Википедии о том, что любой может править, — например «The Negotiation», эпизод сериала «Офис», где персонаж Майкл Скотт заявил: «„Википедия“ — лучшая вещь на свете.",Russian
"ты можешь говорить немного помедленнее, Пожалуйста?",Russian
"У журнала есть также офисы в Нью-Йорке, Сан-Франциско, Вашингтоне, Токио, Париже, Мюнхене и Бейзингстоке.",Russian
делать запросы.,Russian
Машинное обучение имеет широкий спектр приложений[источник не указан 2653 дня]: Сфера применений машинного обучения постоянно расширяется.,Russian
"фраза номер два, когда вы не видели кого-то какое-то время, вы говорите ему, что давно не виделись, это означает, что вы не видели этого человека, может быть, недели или месяцы долгое время не видели номер фразы.",Russian
"когда она остановилась, красивый мужчина вышел из нее и посмотрел на Нарцису, она была полностью поражена тем, насколько он красив, моя мечта на самом деле сбывается ммм.",Russian
"теперь, позже Мелли и Терри помахали на прощание своему старому другу и ушли, тайно улыбаясь друг другу в ту ночь, мать и дочь.",Russian
Nature редактируется в Великобритании издательством Nature Publishing Group и издаётся в Лондоне.,Russian
"«Отделения Викимедиа») и местные ассоциации википедистов, которые также участвуют в продвижении, развитии и финансировании проекта.",Russian
"В сентябре 2008 года Википедия получила награду «Квадрига» A Mission of Enlightenment от Werkstatt Deutschland вместе с Борисом Тадичем, Eckart Höfling и Питером Габриэлем.",Russian
"Если это действительно то, чего ты хочешь, я отведу тебя домой, Терренс принял плачущий и несчастный.",Russian
"— хотя в основном в качестве поддерживающей информации, а не информации, имеющей решающее значение для дела[114].",Russian
Политика «нейтральной точки зрения» в Википедии[37] была введена в первые месяцы и была аналогична ранней политике «непредубеждения» в «Нупедии».,Russian
"В июле 2002 года («Фаза III») Википедия перешла на третье поколение программного обеспечения, движок MediaWiki, первоначально написанный Даниэлем Ли Крокером.",Russian
я не мог согласиться с этим.,Russian
"Участники Википедии с хорошей репутацией в сообществе могут баллотироваться на один из многих уровней добровольного руководства; это начинается с «администратора»[48], самой большой группы привилегированных пользователей (1594 учётных записей в английской Википедии, по состоянию на 30 сентября 2008 года), которые имеют возможность удаления страниц, блокировки статей от изменений в случае вандализма или редакторских споров и блокировки участников.",Russian
"На 30 июня 2015 года существует 290 языковых разделов Википедии, из них 51 раздел содержит более 100 000 статей, а 237 — более 1000 статей[57].",Russian
Википедия также создала формы воздействия на средства массовой информации (СМИ).,Russian
"MediaWiki предоставляет интерфейс для работы с базой страниц, разграничение прав доступа к администрированию системы, возможность обработки текста как в собственном формате, так и в форматах HTML и TeX (для формул), возможность загрузки изображений и других файлов, а также другие возможности.",Russian
"и сказал, что хочет жениться на мне, он приехал в золотой карете, и он был одет сверху донизу и тоже золотом, что за глупый сон.",Russian
"было бы здорово, там где-то есть красная кнопка.",Russian
"он был красив, он вообще не заботился обо мне, но моя дорогая, ты понимаешь, что именно так ты относился к другим, я знаю, мне очень жаль, как я вела себя, мама, о нет, все в порядке, раз ты видела.",Russian
"приготовилась ко сну, мама, я действительно надеюсь, что моя мечта сбудется, ты знаешь, о Нарцисса, на следующий день, когда Нарциса и ее мать были в саду в красивом месте.",Russian
конечно продолжай.,Russian
"Нарцис дома в карете она начала глубоко думать о выборе, который она сделала, когда вернулась домой.",Russian
ты качаешься рок?,Russian
"огромного и великолепного золотого замка Нарциса была поражена всей красотой, которую она увидела, я знал, что заслуживаю столько богатств, я знал, что вам это понравится, все, что вы хотите, вы найдете здесь, от самых красивых платьев до самых вкусных блюд все это в моем дворце, хорошо говоря о еде, я действительно голоден после этой поездки.",Russian
"Это простая задача означает, что это действительно простое решение для вас, если вы сделали что-то не так и признаете это, вы можете сказать, что я облажался, да, ребята.",Russian
"нет, я так не думаю.",Russian
"поскольку ее красота была известна повсюду, но она отвергла их всех очень грубо, почему ты вчера прогнала этих мужчин, они казались милыми, ты не можешь быть серьезной мамой, одна из них.",Russian
"в этом видео я дам вам 100 общих и очень полезных предложений, которые вы можете использовать в разговоре.",Russian
"Он утверждал, что количество ссылок на Википедию в популярной культуре таково, что этот термин является одним из группы избранных существительных XXI века, которые так узнаваемы (Google, Facebook, YouTube), что они больше не нуждаются в объяснениях и находятся на одном уровне с такими терминами XX века, как Hoovering или Coke.",Russian
Tengo una cita con mis amigos esta noche o me voy a encontrar con mis amigos mañana.,Spanish
"Por esta razón, lo realmente valioso puede aparecer en las discusiones y no el artículo, como confirma Ndesanjo Macha.",Spanish
"Lo arruiné, lo arruiné si quieres que alguien trabaje en mi lugar, puedes decir.",Spanish
"oh mamá, te amo tanto y tenías razón, las apariencias y las riquezas no lo son todo, el pan de oro era inútil porque no podía comerlo y el hombre a pesar de todo él era guapo, no se preocupaba por mí en absoluto, pero querida, ¿te das cuenta de que esa es exactamente la forma en que trataste a los demás?",Spanish
¿Cómo están las cosas?,Spanish
"La Wikipedia en español, creada meses después, heredó el nombre.",Spanish
No tengo la libertad de decirlo.,Spanish
"Gracias de antemano si alguien cometió un error, y está realmente molesto por eso.",Spanish
[220]​ Algunas empresas han intentado en repetidas ocasiones manipular la información que aparece sobre ellas en Wikipedia enfatizando los aspectos positivos y suavizando o eliminando los negativos con el fin de mejorar su imagen corporativa.,Spanish
¿Qué tengo toda esa suciedad en mis hermosos dedos?,Spanish
"[39]​
Larry Sanger pasó a colaborar con Wikipedia y trabajó activamente en la organización y directrices del proyecto; se marchó en 2002 por desacuerdos con Wales.",Spanish
"Dado que su belleza era conocida por todas partes, pero ella los rechazó a todos muy groseramente, ¿por qué envió a esos hombres ayer?",Spanish
"Eso sería genial, gracias.",Spanish
"[239]​ Una de las razones  de esa brusca caída puede ser que el buscador da una referencia directa a Wikipedia al lado derecho de la pantalla, lo que quitaría la necesidad de cliquear el enlace.",Spanish
Se está barajando la posibilidad de aplicar la misma medida en la Wikipedia en inglés.,Spanish
"Entre otras cosas, afirmaba que el estudio de Nature fue poco estricto y sesgado, así como que, según su propio estudio, la Britannica continuaba siendo un 24 % más fiable que la Wikipedia.",Spanish
"[110]​ La política que se encarga de combatir dicho problema es el punto de vista neutral, que, básicamente, establece la necesidad absoluta e innegociable de reunir en los artículos susceptibles de polémica todos los puntos de vista significativos.",Spanish
¿Por favor?,Spanish
"Dios mío, una noche cuando estaba durmiendo, su madre se sentó a su lado mirándola.",Spanish
Déjame contestarte eso después.,Spanish
"Tras una votación realizada entre septiembre y noviembre de 2003 por parte de los usuarios de esta, se decidió seguir con el mismo término.",Spanish
"[206]​ Uno de los más controversiales fue Santiago Swallow, conferencista ficticio creado por Kevin Ashton y que fue descubierto al publicarse un artículo de prensa donde el autor declaró que «invirtió 68 dólares para hacerlo famoso».",Spanish
No puedo agradecerles lo suficiente.,Spanish
hazlo agradeciendo de antemano.,Spanish
"[219]​ Opinión contraria a otros autores como Daniel Rodríguez Herrera, para quien la Wikipedia posee una clara tendencia izquierdista, lo cual se comprueba viendo los resúmenes de Stalin y otros dirigentes comunistas que no son llamados en ningún momento ""dictadores"", solamente líderes.",Spanish
Wikipedia ha recibido diversas críticas.,Spanish
"[45]​ En 2007 la versión en inglés superó los 2 millones de artículos, convirtiéndose en la enciclopedia con mayor número de artículos de la historia y superando en ese aspecto a la Yongle Dadian de 1407, que sostuvo el récord durante varios siglos.",Spanish
"y luego sigue adelante y explica dónde llegaste, ¿te entendí bien?",Spanish
"Una vez que la comunidad logra el consenso sobre la aplicación de una norma, todos los editores están obligados a respetarla.",Spanish
gracias por tu esfuerzo.,Spanish
"No, no quiero casarme contigo, quiero ir a casa.",Spanish
Mantente en contacto.,Spanish
"o tonto, ahora has escuchado la palabra obtuso en geometría ángulo obtuso y ángulo agudo, por lo que un ángulo obtuso es un ángulo mayor de 90 grados pero menor de 180 grados.",Spanish
para mí debajo diciéndome cuál de estas 10 palabras es tu favorita y también.,Spanish
"De acuerdo a Christian Stegbauer, un sociólogo alemán, «por el número de colaboradores no puede definirse si Wikipedia es democrática o no».",Spanish
no te preocupes por eso.,Spanish
El catch-22 fue acuñado por joseph heller en su famoso libro del mismo nombre catch-22 cuando describía algunas reglas contradictorias que eran aplicables a los soldados durante la segunda guerra mundial.,Spanish
"¿Puedes esperar un momento, por favor?",Spanish
"[134]​ En las páginas internas de Wikipedia —dirigidas fundamentalmente a los colaboradores—, se anima a los usuarios a participar activamente en el proyecto.",Spanish
Otras palabras que puede usar en lugar de desconcertar están desconcertado o desconcertado.,Spanish
"y ya está listo para comenzar y si le ha gustado este video, no olvide darnos su aprobación con un comentario.",Spanish
"Nature es una de las más prestigiosas revistas científicas a nivel mundial,[1]​ que fue fundada por Joseph Norman Lockyer.",Spanish
"Sin embargo, no toda la información tiene cabida, y existen criterios de relevancia establecidos por consenso comunitario, de tal modo que, aunque no se rechaza a priori ningún artículo, se investigan las nuevas creaciones y se descartan las que no cumplen determinados requisitos.",Spanish
no mucho.,Spanish
"Por otra parte, existen personas que acusan a Wikipedia de difamación, y es ilustrativo el caso de Alejandro Peña Esclusa, quien afirmaba que el gobierno de su país estaba llevando contra él una campaña en la que colaboró la enciclopedia.",Spanish
"A pesar de todos estos filtros, algunos artículos publicados por la revista constituyeron famosos escándalos al demostrarse la falsedad de los resultados presentados.",Spanish
pan hecho de oro que hago con ella bueno tal vez si su sueño se hace realidad.,Spanish
"Es una medida de economía de esfuerzos que permite que los usuarios que se dedican a combatir vandalismo y revertir ediciones incorrectas, basándose en la confianza en estos usuarios, se abstengan de comprobar sus ediciones y de este modo focalicen su labor en el resto de las ediciones, disminuyendo el volumen de trabajo con menor riesgo de equivocarse.",Spanish
[135]​ A algunos usuarios que ya llevan un cierto tiempo editando en Wikipedia sin problemas se les asigna la categoría de autoconfirmados; sus ediciones aparecen en la página de cambios recientes con un fondo diferente al del resto de los usuarios.,Spanish
feliz aprendizaje y nos vemos en otra lección pronto.,Spanish
"narcisa cambió su forma de ser, luchó al principio, pero lenta y pacientemente comenzó a volverse mucho más amable un día, mellie y terry vinieron a encontrarse con marian de nuevo.",Spanish
"en lo que a mí respecta, este es el mejor restaurante de la ciudad.",Spanish
Se mapean observaciones sobre un objeto con conclusiones sobre el valor final de dicho objeto.,Spanish
undvika en fråga.,Sweedish
Trevligt att träffas.,Sweedish
"Detta har främst skett i länder med internetcensur och inskränkningar i yttrande- och tryckfriheten, på senare tid i Folkrepubliken Kina (""Kinesiska brandväggen"" bland annat sedan 23 april 2019) och Turkiet (från april 2017 till januari 2020 som skylldes på skriverier om Turkiets inblandning i Syriska inbördeskriget[40]).",Sweedish
vad tycker du om detta?,Sweedish
"I studien Wikipedians are born, not made: a study of power editors on Wikipedia[99] från 2009 bekräftar Katherine Panciera m.fl.",Sweedish
"[30] Wikipedias ursprungliga användargränssnitt kallas dess stationära vy och är utformat för webbläsare på persondatorer, exempelvis stationära datorer, med relativt stora skärmar.",Sweedish
så mycket att de glömmer vad de ska göra nu förvirrade tenderar att vara ett överanvändt ord så istället för det varför använder du inte flummox till exempel såg pojken helt ut .flummoxed när läraren ställde honom en fråga i klassen eller hunden var flummoxed ut vid sin egen reflektion i spegeln eller turisten blev uppslukad av de olika sederna som.,Sweedish
jättebra tack.,Sweedish
Jag har ingen åsikt om saken.,Sweedish
Jag älskar att du sålde mig eftersom ibland människor beskriver sin resa eller någon de köpte och de beskriver att det är så bra.,Sweedish
fraser om du har lärt dig engelska ett tag och vill fortsätta lära dig.,Sweedish
det spelar ingen roll som oroa dig inte om du tappar ditt kaffe över mig.,Sweedish
"Den mobila webbvyn accessas mer ofta än den stationära vyn, för svenskspråkiga Wikipedia sedan slutet av 2015, särskilt under semestermånader, och skillnaden växer.",Sweedish
pengar men du skulle inte få det banklånet om du inte bevisar för banken att du har tillräckligt med pengar så nästa gång du fastnar i en knepig situation kom ihåg.,Sweedish
"Engelskspråkiga Wikipedia har istället börjat tillämpa en princip om att undvika falsk balans, och tar därför ställning för etablerade vetenskapliga uppfattningar.",Sweedish
År 2014 mätte forskare vid Harvard Business School hur politiskt vinklat språket är (andelen ideologiskt laddade formuleringar) i 70 000 engelskspråkiga Wikipediaartiklar om politik.,Sweedish
"nej, du har gjort ett fantastiskt jobb.",Sweedish
Jag har ett möte med mina vänner i kväll eller jag ska möta mina vänner imorgon.,Sweedish
"Gemenskapen poängterar att administratörerna inte skall tillmätas större auktoritet i sak, utan endast stödja själva processen.",Sweedish
Jag ger dig det hemliga tipset för att låta väldigt flytande.,Sweedish
hur är läget?,Sweedish
Du kan säga till dem jag är så ledsen men jag är överbelastad med arbete eller jag har överraskat några andra ord som du kan använda i stället för översvämmad är jag har för mycket att göra.,Sweedish
Enligt Sanger främställs därför minoritetsuppfattningar bland forskare ibland som pseudovetenskap.,Sweedish
De regler som de icke-engelska utgåvorna av Wikipedia har baseras ofta på en översättning av reglerna på den engelskspråkiga Wikipedia och skrivs i Sverige utifrån lokala svenskspråkiga diskussioner.,Sweedish
"Wikiprincipen avser att det går snabbt att hitta artiklar, att det är enkelt att ändra och länka samman artiklar, att publiceringen inte fördröjs av redaktionell granskning och godkännande samt att det går snabbt att återställa ändringar till en tidigare version av artikeln.",Sweedish
ledsen att störa dig.,Sweedish
Emellertid är antal redigeringar av en Wikipediaartikel endast svagt korrelerat med antal läsare av artikeln – många populära artiklar är nya och har omarbetats få gånger.,Sweedish
"Policyer (""policies"") och riktlinjer (""guidelines"") underlättar ofta konfliktlösning men forskarna har hittat flera exempel där fundamentalt olika tolkningar av policyer inte har lett till någon lösning utan tvärtom förhindrat konsensus.",Sweedish
"[58] Den vanligaste kritiken var: Det vanligaste berömmet var: Kritik och skepsis mot Wikipedia har funnits sedan start, och var särskilt framträdande när allmänheten först började upptäcka fenomenet och olika incidenter inträffade första gången.",Sweedish
"Till skillnad från nätcommunities som har sina servrar i Sverige är Wikipedia egentligen inte skyldig att följa lagen om elektronisk kommunikation, men dess amerikanska motsvarigheter.",Sweedish
Jag kan inte tacka dig nog.,Sweedish
du frågar vad du har gjort så vad som hände i ditt liv ?.,Sweedish
"Serverklustren finns (sedan januari 2013) i delstaten Virginia och har även speglade data i casheservrar i datacenter i Amsterdam som bland annat betjänar Europa, i Singapore för Asien samt i San Francisco och Texas för Amerika.",Sweedish
kan du upprepa det för att jag inte fick det sista ordet om han vill att någon ska upprepa hela frasen igen.,Sweedish
kan du täcka mig är det dags att åka och killar jag skulle hellre åka vilket betyder att jag borde gå redan.,Sweedish
"Administratörerna kan också hindra anonyma användare, eller icke-administratörer, från redigering av sidor som ofta är föremål för attacker eller konflikter.",Sweedish
[73]  Orsaken kan vara att olika delar har redigerats av olika bidragsgivare med olika grad av språkliga färdigheter och olika syn på hur tekniskt detaljerat språket ska vara.,Sweedish
"Skrivstugor har ofta specifika teman, där Wikipediaartiklar om kvinnor är ett särskilt vanligt tema.",Sweedish
det är faktiskt kl.,Sweedish
ber om upprepning.,Sweedish
Studien inkluderar en fallstudie och ger en inblick i om hur snabbt en envis klottrares bidrag återställs och hur klottraren sedan blockeras.,Sweedish
"Flera stora Wikipediaversioner, dock ej den svenska, har infört moderering genom funktionen flagged revisions, alltså att ändringar som görs av nya eller icke inloggade användare inte visas omedelbart för icke inloggade besökare utan fördröjs tills någon tillförlitlig etablerad användare har granskat och godkänt dem.",Sweedish
Den första redigeringen gjordes av Bomis kontorskonto den 15 januari 2001 klockan 20:27 på sidan HomePage som då var namnet på förstasidan.,Sweedish
"De hade under år 2000 försökt starta uppslagsverket Nupedia, vilket dock begränsades av strikta krav på skribenterna.",Sweedish
att svara på en enda fråga på testet eller den tråkiga mannen hade svårt att förstå även grundläggande instruktioner nu antar att i din situation i det dagliga livet är din pojkvän eller din flickvän arg på dig och du vet inte varför så du kan. säg till dem kanske jag är tråkig men jag vet inte varför du är så upprörd smart ord nummer 10 är trög trög trög betyder att röra sig långsamt för att vara lite långsammare.,Sweedish
på vilket sätt' s narcissism berättade marian dem båda allt som hade hänt och hon har förändrats så mycket från den tiden.,Sweedish
så du träffar någon och du tid hur går det ?.,Sweedish
"[14] De flesta robotskapade artiklar har skapats av svenska Lsjbot, och handlar om djur eller ortnamn.",Sweedish
"Tillfällig total blockering av vissa eller alla språkversioner av Wikipedia har skett i Venezuela (i januari 2019), Uzbekistan (2007, 2008, 2012, 2016), Pakistan (2006 och 2010 på grund av hädelse), Syrien (2008–2009), Saudiarabien (2006),[41] och Tunisien (2006).",Sweedish
"Han beskriver hur han har arbetat med Wikipedia i undervisningen inom etnologiämnet på Södertörns högskola, och hur studenterna fick en uppgift som innebar att skulle skriva/redigera artiklar på Wikipedia om olika för etnologiämnet relevanta vetenskapliga begrepp som t.ex.",Sweedish
vad har du gjort för att höja dem tidigare om allt går?,Sweedish
nere i beskrivningsrutan för det och nu är det hemliga tipset det hemliga tipset för att låta flytande är att använda inte mer än ett smart ord eller en mening jag känner ibland.,Sweedish
"Jag kan inte tro det, du måste skoja mig att berätta för någon att le och för att vara glad kan du alltid säga muntra upp.",Sweedish
நான் அதைப் பற்றி மிகவும் வருந்துகிறேன்.,Tamil
என் தட்டில் நான் வேலையில் மூழ்கி இருக்கிறேன்.,Tamil
"நீங்கள் எனக்கு உப்பு அனுப்ப முடியுமா, தயவு செய்து?",Tamil
"தொகுப்புக்கள் அதிகரிப்பதன் காரணமாக, ‘அண்மைய மாற்றங்கள்’ பகுதியில், சில தொகுப்புக்கள் இடம்பெற முடியாமல் போவதே இதற்குக் காரணமாகும்.",Tamil
"[40] என்ற பெயரில் வெளியிடப்பட்டு, நுபீடியா மின்னஞ்சல் பட்டியலில் லாரி சாங்கரால் அறிவிக்கப்பட்டது.",Tamil
முடிக்கிறேன்.,Tamil
"அவர் என்னை திருமணம் செய்து கொள்ள விரும்புவதாகக் கூறினார், அவர் ஒரு தங்க வண்டியில் வந்திருந்தார், அவர் மேலிருந்து கீழாகவும், தங்கமாகவும் அணிந்திருந்தார், என்ன ஒரு வேடிக்கையான கனவு.",Tamil
"ஓ அது எரிகிறது, ஒருவேளை நீங்கள் அதை பாடல்களில் கேட்டிருக்கலாம் ' தோல்விகளுக்குப் பிறகு யாராவது வெற்றிகரமாக இருந்தால், நீங்கள் அங்கு செல்லலாம் என்று நான் சொன்னேன், நீங்கள் அதைச் செய்யப் போகிறீர்கள் என்று சொன்னேன், நீங்கள் சோர்வாக இருக்கிறீர்களா என்று யாராவது உங்களிடம் கேட்டால், நீங்கள் சோர்வடையவில்லை என்று சொல்ல விரும்பினால் ஒரு பிட் இல்லை என்று சொல்ல முடியும்.",Tamil
"நீங்கள் என்னை விற்றதை நான் விரும்புகிறேன், ஏனென்றால் சில நேரங்களில் மக்கள் தங்கள் பயணத்தை அல்லது அவர்கள் வாங்கிய யாரையாவது விவரிக்கிறார்கள், அவர்கள் அதை நன்றாக விவரிக்கிறார்கள்.",Tamil
திட்டங்களை உருவாக்குதல்.,Tamil
என்னை மன்னிக்கவும்.,Tamil
[30] அது ஒரு தனிப்பட்ட ஆங்கில மொழிப் பதிப்பாக விக்கிப்பீடியா.காம் .,Tamil
நீங்கள் பிஸியாக இருந்ததால் நான் கேட்கவில்லை.,Tamil
"[74] 2010-இல் மேற்கொள்ளப்பட்ட ஆய்வொன்று, சிறப்புக்கட்டுரைகளிடையே, அவற்றின் தரங்கள் வேறுபட்டிருப்பதைக் கண்டறிந்ததோடு, கட்டுரைகளின் தரத்தைக் கணிப்பதில் ‘குழுச் செயற்பாடு’, போதிய தாக்கத்தை ஏற்படுத்தவில்லை எனவும் கருத்து வெளியிட்டது.",Tamil
உதாரணமாக அவரது அட்டவணை பழக்கவழக்கங்கள் கொடூரமானவை அல்லது அவளுடைய ஆடை உணர்வு மிகவும் கொடூரமானது அல்லது அவரது இலக்கணம் கொடூரமானது.,Tamil
"மேலும், இரண்டிலும் தலைமையான தவறுகள் ஒரேயளவினதாய் இருந்தன.",Tamil
[62] சிலவேளைகளில் இதற்காக வாக்கெடுப்பும் நடத்தப்படும்.,Tamil
"மாணிக்கங்களில் மரகதங்களின் சாலடுகள் மற்றும் அங்குள்ள ரொட்டி தங்க தங்க ரொட்டியால் ஆனது, இந்த ஜாம் எவ்வளவு அழகாக இருக்கும் மற்றும் ரொட்டியுடன் அழகாக சுவைக்கும்.",Tamil
"நாங்கள் ' இந்த ஸ்மார்ட் சொற்களை நாங்கள் நிறைய கற்றுக்கொண்டோம், அவற்றில் இரண்டு மூன்று நான்கு ஐ ஒரு வாக்கியத்தில் இயல்பாக ஒலிக்கிறோம்.",Tamil
அதைப் பற்றி கவலைப்பட வேண்டாம்.,Tamil
"முன்கூட்டியே நன்றி, அதாவது நீங்கள் போகிறீர்கள் என்று நான் நம்புகிறேன்.",Tamil
"எந்த கவலையும் கவலைப்பட வேண்டாம், அதாவது அதைப் பற்றி கவலைப்பட வேண்டாம்.",Tamil
எனக்கு ஆர்வம் இல்லை.,Tamil
நான் உதவ மகிழ்ச்சியாக இருப்பேன்.,Tamil
மிக்க நன்றி.,Tamil
"ஸ்மார்ட் சொல் எண் 5 பிரமாதமானது, பிரமாதமானது, பிரமாதமானது, ஆச்சரியமான ஆச்சரியம் என்று பொருள்.",Tamil
முடியவில்லை.,Tamil
"பின்னர் வெவ்வேறு மொழிகளில் விக்கிப்பீடியா உருவாக்கப்பட்டு, 2001 ஆம் ஆண்டின் முடிவில் கிட்டத்தட்ட 20,000 கட்டுரைகளுடன் 18 மொழிகளில் வளர்ந்தது.",Tamil
"நான் எப்போதும் செய்கிறேன், நீங்கள் விரல்களைக் கடந்துவிட்டீர்கள் என்று சொல்லலாம், நீங்கள் விரல்களைக் கடக்கிறீர்கள்.",Tamil
"இது இணையத்தளத்தில் இயங்கும் உசாத்துணைப் பகுதிகளிலேயே மிகவும் பெரியதும், அதிகப் புகழ்பெற்றதுமாகும்.",Tamil
"விக்கிப்பீடியாவிற்கு முன்னதான வேறு சில இணையத்தில், கூட்டு கலைக்களஞ்சிய உருவாக்கத்திற்கான முயற்சிகள் இருந்தபோதிலும், அவை வெற்றியடையவில்லை.",Tamil
"நர்சிசா இந்த விதைகளை நடவு செய்ய நீங்கள் எனக்கு உதவுவீர்கள், நான் ஏன் அதை செய்வேன், என் அழகான விரல்களில் அந்த அழுக்கு அனைத்தையும் நான் பெற்றுள்ளேன், அது என் முகத்தில் நன்றாக சென்றால் அது நர்சிசாவின் பிரச்சனை.",Tamil
"நான் மிகவும் மகிழ்ச்சியடைகிறேன், இது ஆங்கிலத்தில் 50 சொற்றொடர்கள் இந்த வீடியோவை விரும்புவதன் மூலமும், மேலும் சிறந்த சொற்றொடர்கள் உங்களுக்குத் தெரிந்தால் கீழே கருத்து தெரிவிப்பதன் மூலமும் இது உதவியாக இருந்ததா என்பதை எனக்குத் தெரியப்படுத்துங்கள்.",Tamil
அதைக் குறிப்பிட வேண்டாம்.,Tamil
"நான் தொடர விரும்புகிறேன், யாராவது உங்களிடம் கேட்கும்போது நான் சோர்வடையவில்லை என்பது உங்களுக்குத் தெரியுமா, அதற்கு இடமில்லை என்று நீங்கள் சொல்ல முடியும் என்பதில் உறுதியாக இருக்கிறீர்களா?",Tamil
யாரையாவது காத்திருக்கச் சொல்கிறது.,Tamil
"[44] விக்கிபீடியாவின் கட்டுப்பாடில்லாத தன்மையாலும், வர்த்தக விளம்பரங்களின் அச்சத்தினாலும், எசுப்பானிய விக்கிப்பீடியாவின் பயனாளிகள் 2002 ஆம் ஆண்டு பிப்ரவரியில் விக்கிப்பீடியாவிலிருந்து பிரிந்து என்சிச்லோபெடியா லிப்ரேவை (en:Enciclopedia Libre Universal en Español) உருவாக்கினர்.",Tamil
"[31][32] லாரி சாங்கர், முதலில் நுபீடியாவிற்கும், பின்னர் விக்கிப்பீடியாவிற்கும் தலைமை ஆசிரியராகப் பணியாற்றியவர் ஆவார்.",Tamil
"அல்லது மங்கலான அறிவுள்ள நீங்கள் இப்போது வடிவியல் obtuse கோணத்திலும் கடுமையான கோணத்திலும் obtuse என்ற வார்த்தையை கேள்விப்பட்டிருக்கிறீர்கள், எனவே ஒரு obtuse கோணம் 90 டிகிரிக்கு மேல் ஆனால் 180 டிகிரிக்கு குறைவாக இருக்கும்.",Tamil
தகவல் கேட்கிறது.,Tamil
"நீங்கள் யாரையாவது எஸ்.எம்.எஸ் செய்ய விரும்பினால் அல்லது உரைக்கு உரை என்று ஒரு செய்தியை அவர்களுக்கு அனுப்ப விரும்பினால் அமெரிக்காவில் சந்தேகம் இருக்க இடமில்லை, எனவே நான் உங்களுக்கு உரை அனுப்புவேன் என்றால் நான் உங்களுக்கு ஒரு செய்தியை வாட்ஸ்அப் அல்லது ஒரு தந்தி அல்லது தூதர் மூலம் அனுப்புவேன் வருத்தப்பட வேண்டாம் என்று யாரையாவது உற்சாகப்படுத்த மீண்டும் உங்களுக்கு உரை அனுப்புங்கள், நீங்கள் ஏன் அழுகிறீர்கள் என்பது போல அது மதிப்புக்குரியது அல்ல என்று சொல்லலாம்.",Tamil
நான் விரும்பவில்லை.,Tamil
நான் நாளை விடுமுறை எடுத்தால் சரியா?,Tamil
"மற்றவர் என்ன சொல்கிறாரோ அதை நீங்கள் பெறவில்லை, நீங்கள் சொல்வதாகவும் கேள்விக்குறியுடன் இருப்பதாகவும் கூறலாம்.",Tamil
"இல்லை, நீங்கள் ஒரு அற்புதமான வேலையைச் செய்துள்ளீர்கள்.",Tamil
அதிகமில்லை.,Tamil
நான் பயப்படுகிறேன்.,Tamil
"அவரது ஒரே மகள் நர்சிசா மரியன் மிகவும் தாழ்மையானவர் மற்றும் இனிமையான நர்சிசா இருப்பினும் அவர் முற்றிலும் எதிர்மாறாக இருந்தார், அவள் ஒரு வாழ்க்கையைப் போன்ற வார்த்தைகளுக்கு அப்பால் அழகாக இருந்தாள்.",Tamil
"அமெரிக்கர்கள் பயன்படுத்தும் மற்றொரு சொற்றொடர் ஓ மோசமானது, அதை விளக்குகிறது.",Tamil
மிகவும் பயமாக இருந்தது என் அன்பே கவலைப்படாதே இவை அனைத்தும் விரைவில் முடிந்துவிடும் என்று அவர் சொன்னது போல் இந்த வண்டி மற்றொரு போர்டல் வழியாக சென்று டிரைவ்வேயை அடைந்தது.,Tamil
எனக்கு கொஞ்சம் கடன் கொடுக்க நினைப்பீர்களா?,Tamil
"[37] ஜனவரி 12, 2001,[38] ஜனவரி 13, 2001[39] இல் முறையே விக்கிப்பீடியா.கொம், விக்கிப்பீடியா.ஓர்க் ஆகிய ஆள்களப் பெயர்கள் பதிவு செய்யப்பட்டன.",Tamil
என்னால் போதுமான நன்றி சொல்ல முடியாது.,Tamil
emeğiniz için teşekkür ederiz.,Turkish
"""bilmiyorum"" diyor.",Turkish
"dün gece anne, o kadar inanılmaz bir rüyaydı ki, bana gelen bir prens vardı.",Turkish
seni eve bırakmamı ister misin?,Turkish
".Hepimiz İngilizcede daha akıcı olmanın hızlı yollarını arıyoruz, biliyorum ne olduğunu anlıyorum, beynimizi çevreleyen sadece birkaç kelime var ve tüm bu konuşmayı harika, harika havalı veya destansı kullanarak yapmamız gerekiyor, peki ya biz günlük yaşamınızda kullanabileceğiniz bazı akıllı yeni İngilizce kelimeleri öğrenin ve kelime dağarcığınızı dakikalar içinde geliştirin.",Turkish
"hayır, sanmıyorum.",Turkish
"mp3 yerine ogg biçiminde sunulmasındaki ana sebep, mp3'ün bazı patentlerle koruma altına alınmış olmasıdır.",Turkish
"peki, yaygın cümleler ve kelime öbekleri hakkında daha fazla ders istiyorsanız, aşağıdaki yorumlar bölümünde bana bildirin.",Turkish
Vikipedi her dilde birbirinden bağımsızdır.,Turkish
Şimdiden teşekkür ederek biraz yapın.,Turkish
Bunun yanı sıra Creative Commons gibi GÖBL benzeri lisanslama yöntemleri de mevcuttur.,Turkish
Doğrudan ya da dolaylı hakaretlere hoşgörü gösterilmez.,Turkish
bu yüzden her seferinde bir tane telaffuz ettiğinizden emin olun.,Turkish
"hey, birlikte sakinleşin başka bir ifade.",Turkish
berbat ettim.,Turkish
narcisa ilk başta mücadele ettiği yollarını değiştirdi ama yavaşça ve sabırla bir gün çok daha güzel olmaya başladı mellie ve terry tekrar marian ile buluşmaya geldi oh merhaba ikiniz o yüzden anlat bize marian.,Turkish
önümüzdeki cumartesi boş musun?,Turkish
"Diğer İnternet ansiklopedi projelerinin çoğu üyelik gerektirir ve yalnızca uzmanların yazılarına izin vermektedir: Stanford Felsefe Ansiklopedisi, Nupedia, h2g2 ve Everything2 gibi.",Turkish
"Neredeyse bir kuşunki gibi küçük gözleri vardı ve diğerinin kocaman bir burnu vardı, onun yanında olmak istemezdim.",Turkish
"Vikipedi'deki kendi biyografi maddesinden örnek vererek yanlış bilgiler içerdiğini ve Vikipedi'yi intihal açısından, öğrencilerin akademik performansı için olumsuz bir kaynak olduğunu vurgulamakta ve Vikipedi'nin bu yüzden Türkiye'de yasaklanmasını savunmaktadır.",Turkish
"bu, korku zalimce veya korkunç anlamına gelir, acımasız kelimesinin bazı örnekleri, son zamanlarda delhi tecavüz olayları iğrençti veya tutuklular tedavi edilir.",Turkish
"Ve biliyorsunuz ki en iyi yanı, benim de altın renginde olan gelinliğimi giydiğim zamandı tabii ki herkes sadece bana narsizaya bakıyordu, bu rüya hakkında şaşırtıcı bir şey yok.",Turkish
"[kaynak belirtilmeli] Vikipedi'nin ana sunucuları ABD'nin Florida Eyaleti'ndeki Tampa kentinde, diğer başlıca sunucuları ise Hollanda'nın Amsterdam, Fransa'nın Paris ve Güney Kore'nin Seul kentinde bulunmaktadır.",Turkish
bunu tekrar etmenin bir sakıncası var mı?,Turkish
"Her dil Vikipedisine, o dili bilen herkesin katkıda bulunabilmesi mümkündür.",Turkish
"altından ekmek, onunla ne yapmalıyım belki hayali gerçekleşirse.",Turkish
"hayır, harika bir iş çıkardın.",Turkish
sana yardım edemem üzgünüm.,Turkish
Ayrıca size gerçekten akıcı akıllı kelime numarası vermeniz için akıllı bir ipucu vereceğim.,Turkish
"Vikipedi, gönüllülerin ortaklaşa çabası doğrultusunda ve neredeyse herkesin web sitesine ulaşıp değiştirmesiyle yazılmaktadır.",Turkish
şerefe gerçekten minnettarım.,Turkish
"ve onlar sanki aynı şeyi satın almak istiyorum ve onlara sattığını söyledim, bana sattın bunu almam, konuşmayla ilgilenmiyorsan beni sattın.",Turkish
temel selamlar nasıl gidiyor?,Turkish
"Şimdiden teşekkür ederim, bu da gerçekten umduğum anlamına geliyor.",Turkish
katılıyorum ve katılmıyorum.,Turkish
bitirmeme izin ver.,Turkish
Gördüğünü bildiğin rahatsız ettiğim için üzgünüm diyebilirsin.,Turkish
Bu durum bilgilerin herkes tarafından anında eklenebilmesine olanak verir.,Turkish
[9] Aşağıdaki liste 10 Aralık 2020 itibarıyla 1.000.000 üzerinde maddesi olan Vikipedileri göstermektedir.,Turkish
"Maddelerin eşit olmayan kalitesi, değişikliklerin takipsizliği, sistem hataları ve bilgilerin doğruluğu üzerine tartışmalar hâlen devam etmektedir.",Turkish
"Penny Arcade'in bir karikatüründe İskeletor, He-Man maddesini değiştirmektedir.",Turkish
Neden ağlıyorsun?,Turkish
zevkle.,Turkish
tabağımda çok fazla şey var işte boğuluyorum.,Turkish
Maddeler ve resimler Vikipediler arasında paylaşılmaktadır.,Turkish
"Bu yanıyor, bu da Kaliforniya'da birçok Amerikalının söylediği inanılmaz anlamına geliyor.",Turkish
Bunun yanı sıra Wikimedia Commons deposunda da tüm Vikipedilerin kullandığı medya dosyaları mevcuttur.,Turkish
kütüphanenin nerede olduğunu biliyor musun?,Turkish
"bu, kişiyi bir kez daha tekrar etmeye sevk ettiği anlamına gelir?",Turkish
"elbette, hiç sorun değil.",Turkish
"Vikipedi'nin maddeleri ayrıca akademik çalışmalarda, kitaplarda ve konferanslarda ve son olarak da filmlerde de kullanılmaktadır.",Turkish
biraz daha yavaş konuşabilir misin Lütfen?,Turkish
çok heyecanlanıyoruz çünkü.,Turkish
